"Dish Name,States (Commonly Found In),Area Type (Rural/Urban/Both),Diet Type,Income Range (Commonly Consumed By)"
"Hot tea (Garam Chai),All Indian States and UTs,both,Vegetarian,<1L;1-3L;3-6L;>6L"
"Instant coffee,Tamil Nadu;Karnataka;Kerala;Delhi;Maharashtra,urban,Vegetarian,3-6L;>6L"
"Espreso coffee,Delhi;Mumbai;Bengaluru;Hyderabad;Pune,urban,Vegetarian,3-6L;>6L"
"Iced tea,Delhi;Mumbai;Bengaluru;Kolkata;Hyderabad,urban,Vegetarian,3-6L;>6L"
"Raw mango drink (Aam panna),Maharashtra;Gujarat;Rajasthan;Uttar Pradesh;Madhya Pradesh,both,Vegetarian,<1L;1-3L;3-6L"
"Fruit Punch (with fresh juices),Delhi;Mumbai;Pune;Bengaluru;Goa,urban,Vegetarian,3-6L;>6L"
"Fruit Punch (with squashes),Delhi;Maharashtra;Karnataka;Goa;Tamil Nadu,urban,Vegetarian,3-6L;>6L"
"Lemonade,All Indian States and UTs,both,Vegetarian,<1L;1-3L;3-6L;>6L"
"Lem-o-gin,Delhi;Mumbai;Goa;Bengaluru;Hyderabad,urban,Vegetarian,>6L"
"Cumin infused water (Jeere/Zeere ka pani),Rajasthan;Gujarat;Madhya Pradesh;Uttar Pradesh;Maharashtra,rural,Vegetarian,<1L;1-3L"
"Coco pine cooler,Goa;Kerala;Maharashtra;Tamil Nadu;Karnataka,urban,Vegetarian,3-6L;>6L"
"Summer cooler,All Indian States and UTs,both,Vegetarian,1-3L;3-6L"
"Hot cocoa,Delhi;Mumbai;Bengaluru;Hyderabad;Pune,urban,Vegetarian,3-6L;>6L"
"Cold coffee with ice cream,Delhi;Mumbai;Pune;Bengaluru;Hyderabad,urban,Vegetarian,3-6L;>6L"
"Banana milkshake (Kele milkshake),All Indian States and UTs,both,Vegetarian,1-3L;3-6L"
"Mango milkshake (Aam milkshake),All Indian States and UTs,both,Vegetarian,1-3L;3-6L"
"Pineapple milkshake (Ananas milkshake),Kerala;Goa;Tamil Nadu;Karnataka;Maharashtra,both,Vegetarian,1-3L;3-6L"
"Orange milkshake (Narangi milkshake),Maharashtra;Gujarat;Delhi;Tamil Nadu;Karnataka,urban,Vegetarian,3-6L"
"Egg nog,Delhi;Mumbai;Goa;Kolkata;Pune,urban,Eggitarian,3-6L;>6L"
"Sweet Lassi (Meethi lassi),Punjab;Haryana;Delhi;Uttar Pradesh;Rajasthan,both,Vegetarian,1-3L;3-6L"
"Lassi (salted),Punjab;Haryana;Uttar Pradesh;Rajasthan;Madhya Pradesh,both,Vegetarian,1-3L;3-6L"
"Cheese and chilli sandwich ,Delhi;Mumbai;Bengaluru;Hyderabad;Chandigarh,urban,Vegetarian,3-6L;>6L"
"Egg sandwich (Ande ka sandwich),Delhi;Kolkata;Hyderabad;Mumbai;Pune,urban,Eggitarian,3-6L;>6L"
"Cucumber sandwich (Kheere ka sandwich),Delhi;Mumbai;Bengaluru;Kolkata;Pune,urban,Vegetarian,3-6L;>6L"
"Cheese and pineapple sandwich (Cheese aur ananas ka sandwich),Delhi;Mumbai;Goa;Pune;Hyderabad,urban,Vegetarian,3-6L;>6L"
"Cheese and tomato sandwich (Cheese aur tamatar ke sandwich),Delhi;Mumbai;Bengaluru;Hyderabad;Kolkata,urban,Vegetarian,3-6L;>6L"
"Chicken sandwich,Punjab;Delhi;Mumbai;Hyderabad;Kolkata,urban,Non-Vegetarian,3-6L;>6L"
"Peanut and tomato sandwich (Moongfali aur tamatar ka sandwich),Maharashtra;Madhya Pradesh;Gujarat;Uttar Pradesh;Rajasthan,both,Vegetarian,1-3L;3-6L"
"Rainbow sandwich,Delhi;Mumbai;Bengaluru;Hyderabad;Pune,urban,Vegetarian,3-6L;>6L"
"Club sandwich ,Delhi;Mumbai;Hyderabad;Kolkata;Pune,urban,Non-Vegetarian,3-6L;>6L"
"Vegetarian club sandwich,Delhi;Mumbai;Bengaluru;Hyderabad;Chandigarh,urban,Vegetarian,3-6L;>6L"
"Pin wheel sandwich,Delhi;Mumbai;Bengaluru;Pune;Kolkata,urban,Vegetarian,3-6L;>6L"
"Carrot apple sandwich (Gajar aur seb ka sandwich),Maharashtra;Delhi;Karnataka;Tamil Nadu;Gujarat,urban,Vegetarian,3-6L"
"Salami sandwich,Delhi;Mumbai;Goa;Hyderabad;Kolkata,urban,Non-Vegetarian,3-6L;>6L"
"Vegetable and mayonnaise sandwich,Delhi;Mumbai;Pune;Hyderabad;Kolkata,urban,Vegetarian,3-6L;>6L"
"Egg and tomato sandwich (Ande aur tamatar ka sandwich),Delhi;Kolkata;Hyderabad;Pune;Chennai,urban,Eggitarian,3-6L;>6L"
"Sweet open sandwich,Delhi;Mumbai;Pune;Kolkata;Bengaluru,urban,Vegetarian,3-6L"
"Mushroom and cheese sandwich (toasted),Delhi;Mumbai;Bengaluru;Pune;Hyderabad,urban,Vegetarian,3-6L;>6L"
"Cheese and tomato sandwich (toasted) (Cheese aur tamatar ke sandwich (toasted)),Delhi;Mumbai;Bengaluru;Pune;Kolkata,urban,Vegetarian,3-6L;>6L"
"Pea potato sandwich (toasted) (Matar aloo ka sandwich),Punjab;Delhi;Uttar Pradesh;Haryana;Rajasthan,both,Vegetarian,1-3L;3-6L"
"Paneer pea sandwich (toasted) (Paneer matar ka sandwich),Punjab;Haryana;Delhi;Uttar Pradesh;Rajasthan,both,Vegetarian,1-3L;3-6L"
"Chicken sandwich (toasted),Delhi;Mumbai;Hyderabad;Kolkata;Goa,urban,Non-Vegetarian,3-6L;>6L"
"Pea keema sandwich (toasted) (Matar aur keema ka sandwich),Punjab;Delhi;Haryana;Uttar Pradesh;Maharashtra,both,Non-Vegetarian,3-6L"
"Classic club sandwich,Delhi;Mumbai;Hyderabad;Kolkata;Pune,urban,Non-Vegetarian,3-6L;>6L"
"Sesame toast,Delhi;Mumbai;Kolkata;Hyderabad;Bengaluru,urban,Vegetarian,3-6L"
"Cracked wheat porridge (Meetha daliya),Rajasthan;Madhya Pradesh;Uttar Pradesh;Haryana;Punjab,rural,Vegetarian,<1L;1-3L"
"Semolina porridge (Suji/Rava daliya),All Indian States and UTs,both,Vegetarian,1-3L;3-6L"
"Oatmeal Porridge,Delhi;Mumbai;Bengaluru;Hyderabad;Pune,urban,Vegetarian,3-6L;>6L"
"Cornflakes with milk,All Indian States and UTs,urban,Vegetarian,3-6L;>6L"
"Rice flakes (Chiwda/Aval),Maharashtra;Tamil Nadu;Andhra Pradesh;Karnataka;Odisha,both,Vegetarian,1-3L;3-6L"
"Wheat flakes,Delhi;Mumbai;Kolkata;Hyderabad;Pune,urban,Vegetarian,3-6L;>6L"
"Murmura (Puffed rice),All Indian States and UTs,both,Vegetarian,<1L;1-3L;3-6L"
"Puffed wheat (Murmure/Moori),All Indian States and UTs,both,Vegetarian,<1L;1-3L"
"Boiled egg (Ubla anda),All Indian States and UTs,both,Eggitarian,1-3L;3-6L"
"Fried Egg ,All Indian States and UTs,both,Eggitarian,1-3L;3-6L;>6L"
"Poached egg,Delhi;Mumbai;Hyderabad;Kolkata;Pune,urban,Eggitarian,3-6L;>6L"
"Scrambled egg (Ande ki bhurji),Maharashtra;Delhi;Hyderabad;Karnataka;Uttar Pradesh,both,Eggitarian,1-3L;3-6L"
"Baked egg ,Delhi;Mumbai;Pune;Goa;Kolkata,urban,Eggitarian,3-6L;>6L"
"Plain omelette/omlet,All Indian States and UTs,both,Eggitarian,1-3L;3-6L"
"Stuffed egg omelette/omlet,Delhi;Mumbai;Hyderabad;Kolkata;Pune,both,Eggitarian,3-6L"
"Pancake,Delhi;Mumbai;Bengaluru;Pune;Kolkata,urban,Vegetarian,3-6L;>6L"
"Keema pancake,Delhi;Mumbai;Hyderabad;Lucknow;Kolkata,urban,Non-Vegetarian,3-6L"
"Vegetable pancake,Delhi;Mumbai;Bengaluru;Kolkata;Hyderabad,urban,Vegetarian,3-6L"
"Jam and fruit pancake,Delhi;Mumbai;Pune;Kolkata;Bengaluru,urban,Vegetarian,3-6L;>6L"
"Khoa and coconut pancake,Maharashtra;Goa;Tamil Nadu;Karnataka;Kerala,both,Vegetarian,1-3L;3-6L"
"Brown stock,Delhi;Mumbai;Hyderabad;Kolkata;Chennai,urban,Non-Vegetarian,3-6L;>6L"
"Vegetable stock,Delhi;Mumbai;Bengaluru;Kolkata;Hyderabad,urban,Vegetarian,3-6L;>6L"
"Chicken stock,Delhi;Mumbai;Hyderabad;Kolkata;Pune,urban,Non-Vegetarian,3-6L;>6L"
"Clear tomato soup (Tamatar ka soup),All Indian States and UTs,both,Vegetarian,1-3L;3-6L"
"Lentil soup,All Indian States and UTs,both,Vegetarian,1-3L;3-6L"
"Chicken consomme (Clear chicken soup),Delhi;Mumbai;Hyderabad;Kolkata;Chennai,urban,Non-Vegetarian,3-6L;>6L"
"Cream of tomato soup,All Indian States and UTs,both,Vegetarian,3-6L;>6L"
"Cream of green peas soup,Delhi;Mumbai;Pune;Hyderabad;Bengaluru,urban,Vegetarian,3-6L"
"Cream of spinach soup,Delhi;Mumbai;Bengaluru;Kolkata;Pune,urban,Vegetarian,3-6L;>6L"
"Cream of mixed vegetable soup,Delhi;Mumbai;Hyderabad;Pune;Bengaluru,urban,Vegetarian,3-6L"
"Cream of mushroom soup,Delhi;Mumbai;Hyderabad;Pune;Kolkata,urban,Vegetarian,3-6L;>6L"
"Chicken sweet corn soup,All Indian States and UTs,urban,Non-Vegetarian,3-6L;>6L"
"Minestrone soup,Delhi;Mumbai;Pune;Hyderabad;Kolkata,urban,Vegetarian,3-6L;>6L"
"Egg drop soup,Delhi;Mumbai;Hyderabad;Kolkata;Pune,urban,Eggitarian,3-6L;>6L"
"Chinese cabbage and meat ball soup,Delhi;Mumbai;Hyderabad;Kolkata;Pune,urban,Non-Vegetarian,3-6L;>6L"
"French onion soup,Delhi;Mumbai;Pune;Kolkata;Hyderabad,urban,Vegetarian,3-6L;>6L"
"Hot and sour soup,All Indian States and UTs,urban,Vegetarian,3-6L;>6L"
"Talaumein soup,Delhi;Mumbai;Hyderabad;Kolkata;Pune,urban,Vegetarian,3-6L;>6L"
"Cold cucumber soup (Thanda kheere ka soup),Delhi;Mumbai;Bengaluru;Kolkata;Hyderabad,urban,Vegetarian,3-6L"
"Cold summer garden soup,Delhi;Mumbai;Bengaluru;Pune;Kolkata,urban,Vegetarian,3-6L;>6L"
"Chapati/Roti,All Indian States and UTs,both,Vegetarian,<1L;1-3L;3-6L;>6L"
"Plain parantha/paratha,All Indian States and UTs,both,Vegetarian,<1L;1-3L;3-6L"
"Potato parantha/paratha (Aloo ka parantha/paratha),Punjab;Haryana;Uttar Pradesh;Delhi;Rajasthan,both,Vegetarian,1-3L;3-6L"
"Radish parantha/paratha (Mooli ka parantha/paratha),Punjab;Haryana;Uttar Pradesh;Delhi;Rajasthan,both,Vegetarian,1-3L;3-6L"
"Cauliflower parantha/paratha (Phoolgobhi ka parantha/paratha),Punjab;Haryana;Uttar Pradesh;Delhi;Rajasthan,both,Vegetarian,1-3L;3-6L"
"Dal parantha/paratha,Punjab;Haryana;Delhi;Uttar Pradesh;Rajasthan,both,Vegetarian,1-3L;3-6L"
"Sprouted moong parantha/paratha,Maharashtra;Gujarat;Delhi;Haryana;Rajasthan,both,Vegetarian,1-3L;3-6L"
"Pea parantha/paratha (Matar ka parantha/paratha),Punjab;Haryana;Delhi;Uttar Pradesh;Rajasthan,both,Vegetarian,1-3L;3-6L"
"Keema parantha/paratha,Punjab;Delhi;Haryana;Uttar Pradesh;Rajasthan,both,Non-Vegetarian,3-6L"
"Paneer parantha/paratha,Punjab;Haryana;Delhi;Uttar Pradesh;Rajasthan,both,Vegetarian,1-3L;3-6L"
"Besan and spinach parantha/paratha (Besan aur palak ka parantha/paratha),Maharashtra;Gujarat;Delhi;Haryana;Rajasthan,both,Vegetarian,1-3L;3-6L"
"Poori,All Indian States and UTs,both,Vegetarian,<1L;1-3L;3-6L"
"Spinach poori (Palak poori),All Indian States and UTs,both,Vegetarian,1-3L;3-6L"
"Methi poori,All Indian States and UTs,both,Vegetarian,1-3L;3-6L"
"Dal stuffed poori,Uttar Pradesh;Rajasthan;Madhya Pradesh;Haryana;Punjab,both,Vegetarian,1-3L;3-6L"
"Potato stuffed poori (Aloo ki poori),Uttar Pradesh;Rajasthan;Haryana;Delhi;Madhya Pradesh,both,Vegetarian,1-3L;3-6L"
"Tandoori parantha/paratha,Punjab;Delhi;Haryana;Uttar Pradesh;Chandigarh,urban,Vegetarian,3-6L;>6L"
"Boiled rice (Uble chawal),All Indian States and UTs,both,Vegetarian,<1L;1-3L;3-6L;>6L"
"Plain pulao,All Indian States and UTs,both,Vegetarian,1-3L;3-6L"
"Mixed vegetable pulao,All Indian States and UTs,both,Vegetarian,1-3L;3-6L"
"Mushroom pulao,Delhi;Mumbai;Karnataka;Kerala;Tamil Nadu,urban,Vegetarian,3-6L;>6L"
"Sprouted moong pulao,Maharashtra;Gujarat;Delhi;Rajasthan;Haryana,both,Vegetarian,1-3L;3-6L"
"Paneer pulao,Punjab;Delhi;Haryana;Uttar Pradesh;Rajasthan,both,Vegetarian,3-6L"
"Peanut pulao,Maharashtra;Gujarat;Madhya Pradesh;Andhra Pradesh;Telangana,both,Vegetarian,1-3L;3-6L"
"Navratan pulao,Delhi;Mumbai;Kolkata;Hyderabad;Jaipur,urban,Vegetarian,3-6L;>6L"
"Green chickpeas pulao (Choliya pulao/Hare chane ka pulao),Haryana;Punjab;Delhi;Uttar Pradesh;Rajasthan,both,Vegetarian,1-3L;3-6L"
"Mutton biryani/biriyani,Hyderabad;Lucknow;Kolkata;Delhi;Chennai,both,Non-Vegetarian,3-6L;>6L"
"Vegetable biryani/biriyani,All Indian States and UTs,both,Vegetarian,1-3L;3-6L;>6L"
"Lemon rice (Pulihora, Elumichai sadam, Chitranna),Andhra Pradesh;Telangana;Tamil Nadu;Karnataka;Kerala,both,Vegetarian,1-3L;3-6L"
"Sweet rice (Meethe chawal),Punjab;Haryana;Delhi;Uttar Pradesh;Rajasthan,both,Vegetarian,1-3L;3-6L"
"Curd rice (Dahi bhaat/Dahi chawal/Perugu annam/Daddojanam/Thayir saadam),Tamil Nadu;Andhra Pradesh;Telangana;Karnataka;Kerala,both,Vegetarian,1-3L;3-6L"
"Tamarind rice (Chintapandu pulihora/Puliyodharai/Puli sadam/Huli anna),Andhra Pradesh;Telangana;Tamil Nadu;Karnataka;Kerala,both,Vegetarian,1-3L;3-6L"
"Spanish rice,Delhi;Mumbai;Bengaluru;Hyderabad;Pune,urban,Vegetarian,3-6L;>6L"
"Chinese fried rice,All Indian States and UTs,urban,Vegetarian,3-6L;>6L"
"Macroni cheese pie,Delhi;Mumbai;Bengaluru;Hyderabad;Pune,urban,Vegetarian,3-6L;>6L"
"Vegetable chowmein,All Indian States and UTs,urban,Vegetarian,1-3L;3-6L;>6L"
"Chicken chowmein,All Indian States and UTs,urban,Non-Vegetarian,3-6L;>6L"
"Cheese noodle ring,Delhi;Mumbai;Pune;Bengaluru;Hyderabad,urban,Vegetarian,3-6L;>6L"
"Spaghetti and cheese balls in tomato sauce,Delhi;Mumbai;Pune;Bengaluru;Kolkata,urban,Vegetarian,3-6L;>6L"
"Penne platter,Delhi;Mumbai;Hyderabad;Pune;Bengaluru,urban,Vegetarian,3-6L;>6L"
"Pasta hot pot,Delhi;Mumbai;Pune;Bengaluru;Hyderabad,urban,Vegetarian,3-6L;>6L"
"Chicken lasagne,Delhi;Mumbai;Bengaluru;Pune;Kolkata,urban,Non-Vegetarian,3-6L;>6L"
"Fettuccine with spinach sauce,Delhi;Mumbai;Pune;Bengaluru;Hyderabad,urban,Vegetarian,3-6L;>6L"
"Naan,All Indian States and UTs,both,Vegetarian,1-3L;3-6L;>6L"
"Bhatura,All Indian States and UTs,both,Vegetarian,1-3L;3-6L"
"Idli,Tamil Nadu;Karnataka;Andhra Pradesh;Kerala;Telangana,both,Vegetarian,<1L;1-3L;3-6L"
"Masala dosa,All Indian States and UTs,both,Vegetarian,1-3L;3-6L"
"Semolina dosa (Suji/Rava dosa),Tamil Nadu;Karnataka;Andhra Pradesh;Kerala;Telangana,both,Vegetarian,1-3L;3-6L"
"Onion tomato uttapam,Tamil Nadu;Karnataka;Andhra Pradesh;Kerala;Telangana,both,Vegetarian,1-3L;3-6L"
"Paneer kaathi roll,Delhi;Kolkata;Mumbai;Hyderabad;Pune,urban,Vegetarian,3-6L;>6L"
"Makki ki roti,Punjab;Haryana;Uttar Pradesh;Delhi;Rajasthan,rural,Vegetarian,1-3L;3-6L"
"Washed moong dal (Dhuli moong ki dal),All Indian States and UTs,both,Vegetarian,<1L;1-3L;3-6L"
"Washed urad dal (Dhuli urad ki dal),All Indian States and UTs,both,Vegetarian,<1L;1-3L;3-6L"
"Split bengal gram with bottle gourd (Channa dal with ghiya/lauki),Uttar Pradesh;Rajasthan;Madhya Pradesh;Haryana;Delhi,both,Vegetarian,1-3L;3-6L"
"Dry washed urad,All Indian States and UTs,both,Vegetarian,<1L;1-3L;3-6L"
"Mixed dal,All Indian States and UTs,both,Vegetarian,<1L;1-3L;3-6L"
"Whole moong (Moong ki dal),All Indian States and UTs,both,Vegetarian,<1L;1-3L;3-6L"
"Whole masoor (Masoor ki dal),All Indian States and UTs,both,Vegetarian,<1L;1-3L;3-6L"
"Whole moth (Moth ki dal),Rajasthan;Haryana;Punjab;Delhi;Uttar Pradesh,rural,Vegetarian,1-3L;3-6L"
"Whole urad (Urad ki dal),All Indian States and UTs,both,Vegetarian,<1L;1-3L;3-6L"
"Moti mahal dal (Urad rajmah mix dal),Punjab;Delhi;Haryana;Uttar Pradesh;Rajasthan,urban,Vegetarian,3-6L;>6L"
"Black channa curry/Bengal gram curry (Kale chane ki curry),Punjab;Haryana;Delhi;Rajasthan;Uttar Pradesh,both,Vegetarian,1-3L;3-6L"
"Chickpeas curry (Safed channa curry),All Indian States and UTs,both,Vegetarian,1-3L;3-6L"
"Lobia curry,All Indian States and UTs,both,Vegetarian,1-3L;3-6L"
"Soyabean curry,Madhya Pradesh;Maharashtra;Uttar Pradesh;Delhi;Rajasthan,both,Vegetarian,1-3L;3-6L"
"Kidney bean curry (Rajmah curry),Punjab;Delhi;Haryana;Himachal Pradesh;Uttarakhand,both,Vegetarian,1-3L;3-6L"
"Sambar,Tamil Nadu;Karnataka;Andhra Pradesh;Kerala;Telangana,both,Vegetarian,1-3L;3-6L"
"Besan kadhi with pakodies,Rajasthan;Punjab;Haryana;Uttar Pradesh;Delhi,both,Vegetarian,1-3L;3-6L"
"Khatta channa,Rajasthan;Haryana;Delhi;Uttar Pradesh;Madhya Pradesh,both,Vegetarian,1-3L;3-6L"
"Sprouted moong dal chat,Delhi;Maharashtra;Gujarat;Rajasthan;Uttar Pradesh,urban,Vegetarian,1-3L;3-6L"
"Potato cauliflower (Aloo gobhi),All Indian States and UTs,both,Vegetarian,1-3L;3-6L"
"Potato capsicum (Shimla mirch aloo),Punjab;Delhi;Haryana;Uttar Pradesh;Rajasthan,both,Vegetarian,1-3L;3-6L"
"Cabbage and peas (Pattagobhi aur matar),All Indian States and UTs,both,Vegetarian,1-3L;3-6L"
"Carrot and fenugreek leaves (Gajar methi),Punjab;Haryana;Delhi;Uttar Pradesh;Rajasthan,both,Vegetarian,1-3L;3-6L"
"Potato fenugreek (Aloo methi),All Indian States and UTs,both,Vegetarian,1-3L;3-6L"
"Brinjal bhartha (Baingan ka bhartha),Punjab;Haryana;Delhi;Uttar Pradesh;Rajasthan,both,Vegetarian,1-3L;3-6L"
"Dry potato (Sookhe aloo),All Indian States and UTs,both,Vegetarian,<1L;1-3L;3-6L"
"Beans with coconut (Nariyal aur sem/phali; Beans thoran),Kerala;Tamil Nadu;Karnataka;Andhra Pradesh;Goa,both,Vegetarian,1-3L;3-6L"
"Cauliflower with coconut (Nariyal ke saath phoolgobhi),Kerala;Tamil Nadu;Karnataka;Goa;Maharashtra,both,Vegetarian,1-3L;3-6L"
"Carrot and cabbage with coconut (Nariyal ke saath pattagobhi aur gajar),Kerala;Karnataka;Tamil Nadu;Andhra Pradesh;Goa,both,Vegetarian,1-3L;3-6L"
"Raw turnip with coconut,Kerala;Tamil Nadu;Karnataka;Andhra Pradesh;Goa,both,Vegetarian,1-3L;3-6L"
"Raw papaya with coconut (Papaya thoran),Kerala;Karnataka;Tamil Nadu;Andhra Pradesh;Goa,both,Vegetarian,1-3L;3-6L"
"Stuffed okra (Bharwa bhindi),Punjab;Haryana;Uttar Pradesh;Delhi;Rajasthan,both,Vegetarian,1-3L;3-6L"
"Stuffed round gourd (Bharwa tinde),Punjab;Haryana;Delhi;Uttar Pradesh;Rajasthan,both,Vegetarian,1-3L;3-6L"
"Stuffed capsicum (Bharwa shimla mirch),Punjab;Haryana;Delhi;Uttar Pradesh;Rajasthan,both,Vegetarian,1-3L;3-6L"
"Stuffed brinjal (Bharwa baingan),Maharashtra;Madhya Pradesh;Uttar Pradesh;Rajasthan;Delhi,both,Vegetarian,1-3L;3-6L"
"Stuffed tomatoes (Bharwa tamatar),Punjab;Delhi;Haryana;Uttar Pradesh;Rajasthan,both,Vegetarian,1-3L;3-6L"
"Pea potato curry (Aloo matar),All Indian States and UTs,both,Vegetarian,1-3L;3-6L"
"Pea paneer curry (Matar paneer),Punjab;Haryana;Delhi;Uttar Pradesh;Rajasthan,both,Vegetarian,3-6L"
"Pea mushroom curry (Matar mushroom),Delhi;Mumbai;Punjab;Haryana;Uttar Pradesh,both,Vegetarian,3-6L;>6L"
"Pea curry (Matar ki sabzi),All Indian States and UTs,both,Vegetarian,1-3L;3-6L"
"Pea vadi curry,Rajasthan;Haryana;Delhi;Punjab;Uttar Pradesh,rural,Vegetarian,1-3L;3-6L"
"Paneer curry,Punjab;Delhi;Haryana;Uttar Pradesh;Rajasthan,both,Vegetarian,3-6L"
"Lotus stem curry (Kamal kakdi curry),Punjab;Delhi;Haryana;Uttar Pradesh;Rajasthan,both,Vegetarian,3-6L"
"Gravy for kofta,Delhi;Mumbai;Kolkata;Hyderabad;Jaipur,urban,Vegetarian,3-6L"
"Pea kofta curry (Matar kofta curry),Punjab;Haryana;Delhi;Uttar Pradesh;Rajasthan,both,Vegetarian,3-6L"
"Spinach kofta curry (Palak kofta curry),Punjab;Delhi;Haryana;Uttar Pradesh;Rajasthan,both,Vegetarian,3-6L;>6L"
"Paneer kofta curry,Delhi;Mumbai;Punjab;Haryana;Uttar Pradesh,both,Vegetarian,3-6L;>6L"
"Lotus stem kofta curry (Kamal kakdi kofta curry),Punjab;Delhi;Haryana;Uttar Pradesh;Rajasthan,both,Vegetarian,3-6L"
"Raw banana kofta curry (Kela kofta curry),Maharashtra;Tamil Nadu;Kerala;Karnataka;Andhra Pradesh,both,Vegetarian,1-3L;3-6L"
"Cauliflower kofta curry (Phoolgobhi kofta curry),Punjab;Delhi;Haryana;Uttar Pradesh;Rajasthan,both,Vegetarian,3-6L"
"Cabbage kofta curry (Pattagobhi kofta curry),Punjab;Haryana;Delhi;Uttar Pradesh;Rajasthan,both,Vegetarian,3-6L"
"Ghiya/Lauki Kofta Curry,Delhi;Uttar Pradesh;Rajasthan;Haryana;Madhya Pradesh,both,Vegetarian,1-3L;3-6L"
"Spinach paneer kofta curry (Palak paneer kofta curry),Punjab;Delhi;Haryana;Uttar Pradesh;Rajasthan,both,Vegetarian,3-6L;>6L"
"Vegetarian egg kofta curry,Delhi;Mumbai;Pune;Hyderabad;Kolkata,urban,Eggitarian,3-6L;>6L"
"Baked vegetables,Delhi;Mumbai;Pune;Bengaluru;Hyderabad,urban,Vegetarian,3-6L;>6L"
"Cauliflower musallam (Phoolgobhi musallam),Punjab;Delhi;Haryana;Uttar Pradesh;Rajasthan,both,Vegetarian,3-6L;>6L"
"Baked vegetables with spinach,Delhi;Mumbai;Pune;Bengaluru;Hyderabad,urban,Vegetarian,3-6L;>6L"
"Baked potato with skin,Delhi;Mumbai;Bengaluru;Pune;Hyderabad,urban,Vegetarian,3-6L;>6L"
"Shepherd's pie (vegetarian),Delhi;Mumbai;Pune;Bengaluru;Hyderabad,urban,Vegetarian,3-6L;>6L"
"Baked brinjal in tomato sauce,Delhi;Mumbai;Pune;Hyderabad;Bengaluru,urban,Vegetarian,3-6L;>6L"
"Dum aloo,All Indian States and UTs,both,Vegetarian,1-3L;3-6L"
"Spinach paneer (Palak paneer),Punjab;Delhi;Haryana;Uttar Pradesh;Rajasthan,both,Vegetarian,3-6L;>6L"
"Methi chaman,Kashmir;Delhi;Punjab;Haryana;Uttar Pradesh,both,Vegetarian,3-6L;>6L"
"Sarson ka saag,Punjab;Haryana;Delhi;Uttar Pradesh;Himachal Pradesh,both,Vegetarian,1-3L;3-6L"
"Jackfruit sabzi (Kathal ki sabzi),Uttar Pradesh;Bihar;West Bengal;Jharkhand;Odisha,both,Vegetarian,1-3L;3-6L"
"Avial,Kerala;Tamil Nadu;Karnataka;Andhra Pradesh;Goa,both,Vegetarian,1-3L;3-6L"
"Al yakhani,Jammu and Kashmir;Ladakh,urban,Non-Vegetarian,3-6L;>6L"
"Shahi paneer,Punjab;Delhi;Haryana;Uttar Pradesh;Rajasthan,both,Vegetarian,3-6L;>6L"
"Paneer in butter sauce,Punjab;Delhi;Haryana;Uttar Pradesh;Rajasthan,both,Vegetarian,3-6L;>6L"
"Methi malai paneer,Punjab;Delhi;Haryana;Uttar Pradesh;Rajasthan,both,Vegetarian,3-6L;>6L"
"Chilli paneer,All Indian States and UTs,urban,Vegetarian,3-6L;>6L"
"Paneer makhana korma,Punjab;Delhi;Haryana;Uttar Pradesh;Rajasthan,both,Vegetarian,3-6L;>6L"
"Kadhai Paneer,All Indian States and UTs,both,Vegetarian,3-6L;>6L"
"Roghan josh,Jammu and Kashmir;Delhi;Punjab;Haryana;Uttar Pradesh,both,Non-Vegetarian,3-6L;>6L"
"Spinach mutton (Palak mutton),Delhi;Punjab;Haryana;Uttar Pradesh;Kashmir,both,Non-Vegetarian,3-6L;>6L"
"Pea keema curry (Matar keema ki sabzi),Punjab;Delhi;Haryana;Uttar Pradesh;Rajasthan,both,Non-Vegetarian,3-6L"
"Keema kofta curry,Delhi;Lucknow;Hyderabad;Kolkata;Mumbai,both,Non-Vegetarian,3-6L;>6L"
"Kashmiri mutton koftas (Gushtaba),Jammu and Kashmir;Ladakh,urban,Non-Vegetarian,3-6L;>6L"
"Mutton yakhni,Jammu and Kashmir;Delhi;Punjab;Haryana;Uttar Pradesh,both,Non-Vegetarian,3-6L;>6L"
"Chicken yakhni,Jammu and Kashmir;Delhi;Punjab;Haryana;Uttar Pradesh,both,Non-Vegetarian,3-6L;>6L"
"Mutton do piaza,Delhi;Lucknow;Hyderabad;Kolkata;Mumbai,both,Non-Vegetarian,3-6L;>6L"
"Mutton chops,Delhi;Lucknow;Hyderabad;Kolkata;Mumbai,urban,Non-Vegetarian,3-6L;>6L"
"Shammi kebab,Lucknow;Delhi;Hyderabad;Kolkata;Bhopal,both,Non-Vegetarian,3-6L;>6L"
"Scotch egg,Delhi;Mumbai;Pune;Hyderabad;Kolkata,urban,Eggitarian,3-6L;>6L"
"Shepherd's pie (with minced meat),Delhi;Mumbai;Bengaluru;Hyderabad;Goa,urban,Non-Vegetarian,3-6L;>6L"
"Chicken curry,All Indian States and UTs,both,Non-Vegetarian,1-3L;3-6L;>6L"
"Tandoori chicken,Punjab;Delhi;Haryana;Uttar Pradesh;Chandigarh,both,Non-Vegetarian,3-6L;>6L"
"Butter chicken,Punjab;Delhi;Haryana;Uttar Pradesh;Rajasthan,both,Non-Vegetarian,3-6L;>6L"
"Chicken kebab,Lucknow;Hyderabad;Delhi;Kolkata;Bhopal,both,Non-Vegetarian,3-6L;>6L"
"Chilli chicken,All Indian States and UTs,urban,Non-Vegetarian,3-6L;>6L"
"Fried chicken with tomato sauce (Fried chicken tamatar ki chutney kay saath),Delhi;Mumbai;Hyderabad;Kolkata;Goa,urban,Non-Vegetarian,3-6L;>6L"
"Fish curry (Machli curry),Kerala;Goa;West Bengal;Odisha;Andhra Pradesh,both,Non-Vegetarian,1-3L;3-6L;>6L"
"Fried fish (Indian style) (Tali hui machli),Kerala;Goa;West Bengal;Odisha;Maharashtra,both,Non-Vegetarian,1-3L;3-6L"
"Fried fish and Chips (English Style) (Tali hui machli aur chips),Goa;Mumbai;Bengaluru;Hyderabad;Kolkata,urban,Non-Vegetarian,3-6L;>6L"
"Tomato fish,West Bengal;Goa;Kerala;Odisha;Maharashtra,both,Non-Vegetarian,3-6L"
"Baked fish with cheese sauce,Goa;Mumbai;Bengaluru;Hyderabad;Kolkata,urban,Non-Vegetarian,3-6L;>6L"
"Fish tikka,Delhi;Mumbai;Goa;Hyderabad;Kolkata,urban,Non-Vegetarian,3-6L;>6L"
"Tandoori fish,Delhi;Mumbai;Goa;Hyderabad;Kolkata,urban,Non-Vegetarian,3-6L;>6L"
"Paneer, apple and pineapple salad,Delhi;Mumbai;Pune;Hyderabad;Bengaluru,urban,Vegetarian,3-6L;>6L"
"Russian salad,Delhi;Mumbai;Bengaluru;Hyderabad;Kolkata,urban,Vegetarian,3-6L;>6L"
"Pasta salad,Delhi;Mumbai;Pune;Bengaluru;Hyderabad,urban,Vegetarian,3-6L;>6L"
"Deviled egg,Delhi;Mumbai;Kolkata;Hyderabad;Goa,urban,Eggitarian,3-6L;>6L"
"Hawain salad,Delhi;Mumbai;Bengaluru;Hyderabad;Goa,urban,Vegetarian,3-6L;>6L"
"Mixed pulse and vegetable salad,All Indian States and UTs,both,Vegetarian,1-3L;3-6L"
"Sprouted moong salad ,All Indian States and UTs,both,Vegetarian,1-3L;3-6L"
"Tossed salad,Delhi;Mumbai;Bengaluru;Hyderabad;Kolkata,urban,Vegetarian,3-6L;>6L"
"Mixed vegetable salad with curd sauce,Delhi;Mumbai;Pune;Hyderabad;Kolkata,urban,Vegetarian,3-6L;>6L"
"Potato salad (Aloo ka salaad),All Indian States and UTs,both,Vegetarian,1-3L;3-6L"
"Waldroff salad,Delhi;Mumbai;Bengaluru;Hyderabad;Kolkata,urban,Vegetarian,3-6L;>6L"
"Coleslaw,Delhi;Mumbai;Pune;Hyderabad;Kolkata,urban,Vegetarian,3-6L;>6L"
"Fruit salad (Phalon ka salaad),All Indian States and UTs,both,Vegetarian,<1L;1-3L;3-6L;>6L"
"Tomato onion raita (Tamatar aur pyaaz ka raita),All Indian States and UTs,both,Vegetarian,1-3L;3-6L"
"Peanut raita (Mungfali ka raita),Rajasthan;Madhya Pradesh;Gujarat;Uttar Pradesh;Delhi,both,Vegetarian,1-3L;3-6L"
"Sprouted moong raita ,Delhi;Maharashtra;Gujarat;Rajasthan;Uttar Pradesh,both,Vegetarian,1-3L;3-6L"
"Bottle gourd raita (Ghiya/Lauki ka raita),Rajasthan;Haryana;Delhi;Uttar Pradesh;Madhya Pradesh,both,Vegetarian,1-3L;3-6L"
"Cucumber raita (Kheere ka raita),All Indian States and UTs,both,Vegetarian,1-3L;3-6L"
"Carrot and spinach raita (Gajar aur palak ka raita),Punjab;Haryana;Delhi;Uttar Pradesh;Rajasthan,both,Vegetarian,1-3L;3-6L"
"Mint raita (Pudinay ka raita),All Indian States and UTs,both,Vegetarian,1-3L;3-6L"
"Potato raita (Aloo ka raita),Uttar Pradesh;Rajasthan;Haryana;Delhi;Punjab,both,Vegetarian,1-3L;3-6L"
"Boondi raita,All Indian States and UTs,both,Vegetarian,1-3L;3-6L"
"Sweet raita (Meetha raita),Rajasthan;Haryana;Delhi;Uttar Pradesh;Punjab,both,Vegetarian,1-3L;3-6L"
"Dahi vadas/Dahi bhalla,All Indian States and UTs,both,Vegetarian,1-3L;3-6L"
"Gunjia,Uttar Pradesh;Bihar;Rajasthan;Madhya Pradesh;Delhi,both,Vegetarian,1-3L;3-6L"
"Saunth/Sonth chutney with tamarind/imli,All Indian States and UTs,both,Vegetarian,1-3L;3-6L"
"Rice kheer (Chawal ki kheer),All Indian States and UTs,both,Vegetarian,1-3L;3-6L;>6L"
"Makhana kheer,Bihar;Uttar Pradesh;Punjab;Haryana;Delhi,both,Vegetarian,1-3L;3-6L"
"Vermicelli kheer (Semiya/Seviyan ki kheer),All Indian States and UTs,both,Vegetarian,1-3L;3-6L"
"Semolina kheer (Suji/Rava kheer),All Indian States and UTs,both,Vegetarian,1-3L;3-6L"
"Paneer kheer,Punjab;Delhi;Haryana;Uttar Pradesh;Rajasthan,both,Vegetarian,3-6L;>6L"
"Cabbage kheer (Pattagobhi ki kheer),Kerala;Tamil Nadu;Karnataka;Andhra Pradesh;Goa,both,Vegetarian,1-3L;3-6L"
"Carrot kheer (Gajar ki kheer),Punjab;Delhi;Haryana;Uttar Pradesh;Rajasthan,both,Vegetarian,1-3L;3-6L"
"Cauliflower kheer (Phoolgobhi ki kheer),Punjab;Haryana;Delhi;Uttar Pradesh;Rajasthan,both,Vegetarian,1-3L;3-6L"
"Moong dal kheer,All Indian States and UTs,both,Vegetarian,1-3L;3-6L"
"Phirni,Punjab;Delhi;Haryana;Uttar Pradesh;Rajasthan,both,Vegetarian,3-6L;>6L"
"Semolina halwa (Suji ka halwa),All Indian States and UTs,both,Vegetarian,1-3L;3-6L"
"Shahi suji halwa,Punjab;Delhi;Haryana;Uttar Pradesh;Rajasthan,both,Vegetarian,3-6L;>6L"
"Carrot halwa (Gajar ka halwa),All Indian States and UTs,both,Vegetarian,1-3L;3-6L;>6L"
"Egg halwa (Ande ka halwa),Delhi;Hyderabad;Lucknow;Kolkata;Mumbai,urban,Eggitarian,3-6L;>6L"
"Potato halwa (Aloo ka halwa),Uttar Pradesh;Rajasthan;Madhya Pradesh;Delhi;Bihar,both,Vegetarian,1-3L;3-6L"
"Pumpkin halwa (Kaddu ka halwa),Uttar Pradesh;Rajasthan;Madhya Pradesh;Delhi;Haryana,both,Vegetarian,1-3L;3-6L"
"Moong dal halwa,Rajasthan;Punjab;Delhi;Haryana;Uttar Pradesh,both,Vegetarian,3-6L;>6L"
"Caramel custard (steamed),Delhi;Mumbai;Goa;Hyderabad;Kolkata,urban,Vegetarian,3-6L;>6L"
"Baked custard,Delhi;Mumbai;Pune;Bengaluru;Kolkata,urban,Vegetarian,3-6L;>6L"
"Soft Custard (stirred),Delhi;Mumbai;Hyderabad;Kolkata;Pune,urban,Vegetarian,3-6L;>6L"
"Chocolate ice cream,All Indian States and UTs,urban,Vegetarian,3-6L;>6L"
"Mango ice cream,All Indian States and UTs,urban,Vegetarian,3-6L;>6L"
"Fruit Ice cream (Phalon ka Ice cream),All Indian States and UTs,urban,Vegetarian,3-6L;>6L"
"Caramel ice cream,Delhi;Mumbai;Hyderabad;Pune;Kolkata,urban,Vegetarian,3-6L;>6L"
"Lemon souffle,Delhi;Mumbai;Pune;Hyderabad;Kolkata,urban,Vegetarian,3-6L;>6L"
"Orange souffle,Delhi;Mumbai;Bengaluru;Pune;Hyderabad,urban,Vegetarian,3-6L;>6L"
"Vanilla souffle,Delhi;Mumbai;Bengaluru;Hyderabad;Kolkata,urban,Vegetarian,3-6L;>6L"
"Chocolate souffle,Delhi;Mumbai;Pune;Hyderabad;Kolkata,urban,Vegetarian,3-6L;>6L"
"Pineapple souffle ,Goa;Kerala;Maharashtra;Tamil Nadu;Karnataka,urban,Vegetarian,3-6L;>6L"
"Apple mousse,Delhi;Mumbai;Pune;Hyderabad;Bengaluru,urban,Vegetarian,3-6L;>6L"
"Rich chocolate mousse,Delhi;Mumbai;Pune;Hyderabad;Kolkata,urban,Vegetarian,3-6L;>6L"
"Mango mousse,Delhi;Mumbai;Pune;Hyderabad;Kolkata,urban,Vegetarian,3-6L;>6L"
"Orange and pineapple cream,Delhi;Mumbai;Bengaluru;Pune;Hyderabad,urban,Vegetarian,3-6L;>6L"
"Charlotte rousse,Delhi;Mumbai;Pune;Hyderabad;Kolkata,urban,Vegetarian,3-6L;>6L"
"Triffle pudding,Delhi;Mumbai;Pune;Hyderabad;Kolkata,urban,Vegetarian,3-6L;>6L"
"Snow flakes pudding,Delhi;Mumbai;Hyderabad;Pune;Kolkata,urban,Vegetarian,3-6L;>6L"
"Kulfi,All Indian States and UTs,both,Vegetarian,1-3L;3-6L;>6L"
"Steamed orange pudding,Delhi;Mumbai;Bengaluru;Hyderabad;Pune,urban,Vegetarian,3-6L;>6L"
"Meringue and rice pudding,Delhi;Mumbai;Bengaluru;Pune;Kolkata,urban,Vegetarian,3-6L;>6L"
"Cheese pudding,Delhi;Mumbai;Pune;Hyderabad;Kolkata,urban,Vegetarian,3-6L;>6L"
"Chocolate pudding,Delhi;Mumbai;Pune;Hyderabad;Kolkata,urban,Vegetarian,3-6L;>6L"
"Bread and butter pudding ,Delhi;Mumbai;Goa;Kolkata;Bengaluru,urban,Vegetarian,3-6L;>6L"
"Queen of pudding,Delhi;Mumbai;Kolkata;Hyderabad;Pune,urban,Vegetarian,3-6L;>6L"
"Pineapple upside down pudding,Delhi;Mumbai;Goa;Hyderabad;Bengaluru,urban,Vegetarian,3-6L;>6L"
"Date and nut pie,Delhi;Mumbai;Hyderabad;Pune;Kolkata,urban,Vegetarian,3-6L;>6L"
"Stewed apple with custard,Delhi;Mumbai;Kolkata;Pune;Bengaluru,urban,Vegetarian,3-6L;>6L"
"Apple snowballs,Delhi;Mumbai;Bengaluru;Hyderabad;Kolkata,urban,Vegetarian,3-6L;>6L"
"Hot orange souffle,Delhi;Mumbai;Bengaluru;Hyderabad;Kolkata,urban,Vegetarian,3-6L;>6L"
"Hot chocolate souffle,Delhi;Mumbai;Pune;Hyderabad;Kolkata,urban,Vegetarian,3-6L;>6L"
"Hot vanilla souffle,Delhi;Mumbai;Bengaluru;Hyderabad;Pune,urban,Vegetarian,3-6L;>6L"
"Plain burfi (Burfi),All Indian States and UTs,both,Vegetarian,1-3L;3-6L;>6L"
"Coconut burfi (Nariyal ki burfi),All Indian States and UTs,both,Vegetarian,1-3L;3-6L"
"Bottle gourd burfi (Ghiya/Lauki burfi),Rajasthan;Delhi;Haryana;Uttar Pradesh;Madhya Pradesh,both,Vegetarian,1-3L;3-6L"
"Chocolate burfi,Delhi;Mumbai;Kolkata;Hyderabad;Pune,urban,Vegetarian,3-6L;>6L"
"Cashewnut burfi (Kaju burfi/Kaju katli),All Indian States and UTs,both,Vegetarian,3-6L;>6L"
"Gram flour burfi (Besan burfi),All Indian States and UTs,both,Vegetarian,1-3L;3-6L"
"Semolina ladoo with khoya (Suji/Rava aur khoye ke ladoo ),All Indian States and UTs,both,Vegetarian,1-3L;3-6L"
"Semolina ladoo with coconut (Suji/Rava aur nariyal ke ladoo ),All Indian States and UTs,both,Vegetarian,1-3L;3-6L"
"Gram flour ladoo (Besan ladoo),All Indian States and UTs,both,Vegetarian,1-3L;3-6L"
"Sesame ladoo (Til ke ladoo),Maharashtra;Gujarat;Rajasthan;Uttar Pradesh;Madhya Pradesh,both,Vegetarian,1-3L;3-6L"
"Chenna murki,West Bengal;Odisha;Bihar;Assam;Jharkhand,both,Vegetarian,1-3L;3-6L"
"Milk cake,Uttar Pradesh;Rajasthan;Delhi;Haryana;Madhya Pradesh,both,Vegetarian,1-3L;3-6L"
"Ghujia/Lavang latika,Uttar Pradesh;Bihar;Rajasthan;Madhya Pradesh;Delhi,both,Vegetarian,1-3L;3-6L"
"Gulab Jamun with khoya,All Indian States and UTs,both,Vegetarian,1-3L;3-6L;>6L"
"Mal pua,Uttar Pradesh;Bihar;Odisha;Rajasthan;West Bengal,both,Vegetarian,1-3L;3-6L"
"Shahi tukre,Delhi;Lucknow;Hyderabad;Kolkata;Bhopal,both,Vegetarian,3-6L;>6L"
"Potato pakora/pakoda (Aloo pakoda),All Indian States and UTs,both,Vegetarian,<1L;1-3L;3-6L"
"Onion pakora/pakoda (Pyaaz ke pakode),All Indian States and UTs,both,Vegetarian,<1L;1-3L;3-6L"
"Cauliflower pakora/pakoda (Phoolgobhi ke pakode),Punjab;Delhi;Haryana;Uttar Pradesh;Rajasthan,both,Vegetarian,1-3L;3-6L"
"Mixed vegetable pakora/pakoda,All Indian States and UTs,both,Vegetarian,1-3L;3-6L"
"Spinach pakora/pakoda (Palak pakoda),All Indian States and UTs,both,Vegetarian,1-3L;3-6L"
"Methi pakora/pakoda (Methi ke pakode),Rajasthan;Punjab;Haryana;Uttar Pradesh;Delhi,both,Vegetarian,1-3L;3-6L"
"Egg pakora/pakoda (Ande ke pakode),Delhi;Punjab;Haryana;Uttar Pradesh;Rajasthan,both,Eggitarian,1-3L;3-6L"
"Bread pakora/pakoda,All Indian States and UTs,both,Vegetarian,1-3L;3-6L"
"Paneer pakora/pakoda,Punjab;Delhi;Haryana;Uttar Pradesh;Rajasthan,both,Vegetarian,3-6L"
"Potato bonda (Aloo bonda),Maharashtra;Karnataka;Tamil Nadu;Andhra Pradesh;Telangana,both,Vegetarian,1-3L;3-6L"
"Potato samosa (Aloo ka samosa),All Indian States and UTs,both,Vegetarian,1-3L;3-6L"
"Minced meat samosa (Keema ka samosa),Delhi;Lucknow;Hyderabad;Bhopal;Kolkata,both,Non-Vegetarian,3-6L;>6L"
"Paneer and pea samosa (Paneer matar ka samosa),Delhi;Punjab;Haryana;Uttar Pradesh;Rajasthan,both,Vegetarian,3-6L"
"Mathri,Rajasthan;Uttar Pradesh;Delhi;Haryana;Madhya Pradesh,both,Vegetarian,1-3L;3-6L"
"Khasta kachori,Rajasthan;Uttar Pradesh;Delhi;Madhya Pradesh;Bihar,both,Vegetarian,1-3L;3-6L"
"Vegetable cutlet,All Indian States and UTs,both,Vegetarian,1-3L;3-6L"
"Flattened rice cutlet (Chirwa cutlet/Chivda cutlet/Poha cutlet),Maharashtra;Madhya Pradesh;Chhattisgarh;Uttar Pradesh;Odisha,both,Vegetarian,1-3L;3-6L"
"Peanut cutlet (Mungfali ke cutlet),Maharashtra;Gujarat;Madhya Pradesh;Uttar Pradesh;Rajasthan,both,Vegetarian,1-3L;3-6L"
"Fish cutlet (Machli ka cutlet),West Bengal;Kerala;Goa;Odisha;Andhra Pradesh,both,Non-Vegetarian,3-6L"
"Paneer potato cutlet (Paneer aloo cutlet),Delhi;Punjab;Haryana;Uttar Pradesh;Rajasthan,both,Vegetarian,3-6L"
"Spinach chickpeas cutlet (Palak channa dal cutlet),Punjab;Delhi;Haryana;Uttar Pradesh;Rajasthan,both,Vegetarian,3-6L"
"Cheese toast,Delhi;Mumbai;Bengaluru;Hyderabad;Kolkata,urban,Vegetarian,3-6L;>6L"
"Vegetable burger,All Indian States and UTs,urban,Vegetarian,3-6L;>6L"
"Cheese pizza,All Indian States and UTs,urban,Vegetarian,3-6L;>6L"
"Vegetable seekh kebab,Delhi;Lucknow;Hyderabad;Kolkata;Mumbai,both,Vegetarian,3-6L;>6L"
"Masala vada,Tamil Nadu;Karnataka;Andhra Pradesh;Telangana;Kerala,both,Vegetarian,1-3L;3-6L"
"Peanut sago vada (Sabudana mungfali vada),Maharashtra;Madhya Pradesh;Gujarat;Rajasthan;Delhi,both,Vegetarian,1-3L;3-6L"
"Vegeterian scotch egg,Delhi;Mumbai;Hyderabad;Pune;Kolkata,urban,Eggitarian,3-6L;>6L"
"Paneer shaslik/tikka,Delhi;Mumbai;Hyderabad;Pune;Kolkata,urban,Vegetarian,3-6L;>6L"
"Peanut brittle (Moongfali ki chikki),Maharashtra;Gujarat;Madhya Pradesh;Rajasthan;Uttar Pradesh,both,Vegetarian,1-3L;3-6L"
"Spring roll,All Indian States and UTs,urban,Vegetarian,3-6L;>6L"
"Dry mango chutney (Sookhe aam ki chutney),Rajasthan;Madhya Pradesh;Uttar Pradesh;Gujarat;Delhi,both,Vegetarian,1-3L;3-6L"
"Peanut chutney (Mungfali ki chutney),Maharashtra;Andhra Pradesh;Telangana;Karnataka;Tamil Nadu,both,Vegetarian,1-3L;3-6L"
"Coconut chutney (Nariyal ki chutney),Tamil Nadu;Kerala;Karnataka;Andhra Pradesh;Telangana,both,Vegetarian,1-3L;3-6L"
"Mint and coriander chutney (Pudinay aur dhaniye ki chutney),All Indian States and UTs,both,Vegetarian,1-3L;3-6L"
"Custard tart,Delhi;Mumbai;Hyderabad;Kolkata;Pune,urban,Vegetarian,3-6L;>6L"
"Lemon tart,Delhi;Mumbai;Pune;Hyderabad;Kolkata,urban,Vegetarian,3-6L;>6L"
"Jam tart,Delhi;Mumbai;Pune;Hyderabad;Bengaluru,urban,Vegetarian,3-6L;>6L"
"Orange cream tart,Delhi;Mumbai;Hyderabad;Pune;Kolkata,urban,Vegetarian,3-6L;>6L"
"Pineapple tart,Goa;Mumbai;Kerala;Karnataka;Tamil Nadu,urban,Vegetarian,3-6L;>6L"
"Cheese and mushroom tart,Delhi;Mumbai;Hyderabad;Pune;Bengaluru,urban,Vegetarian,3-6L;>6L"
"Cottage cheese pie,Delhi;Mumbai;Hyderabad;Pune;Kolkata,urban,Vegetarian,3-6L;>6L"
"Minced meat pie,Delhi;Mumbai;Goa;Hyderabad;Kolkata,urban,Non-Vegetarian,3-6L;>6L"
"Apple cinnamon pie,Delhi;Mumbai;Pune;Hyderabad;Kolkata,urban,Vegetarian,3-6L;>6L"
"Lemon meringue pie,Delhi;Mumbai;Bengaluru;Pune;Kolkata,urban,Vegetarian,3-6L;>6L"
"Chocolate meringue pie,Delhi;Mumbai;Hyderabad;Pune;Kolkata,urban,Vegetarian,3-6L;>6L"
"Cream puffs,Delhi;Mumbai;Hyderabad;Pune;Kolkata,urban,Vegetarian,3-6L;>6L"
"Chocolate eclairs,All Indian States and UTs,urban,Vegetarian,3-6L;>6L"
"Cheese balls,Delhi;Mumbai;Pune;Hyderabad;Kolkata,urban,Vegetarian,3-6L;>6L"
"Minced meat patties,Delhi;Mumbai;Kolkata;Hyderabad;Goa,urban,Non-Vegetarian,3-6L;>6L"
"Cheese patties,Delhi;Mumbai;Pune;Hyderabad;Kolkata,urban,Vegetarian,3-6L;>6L"
"Hot cheese souffle,Delhi;Mumbai;Pune;Hyderabad;Kolkata,urban,Vegetarian,3-6L;>6L"
"Hot potato souffle,Delhi;Mumbai;Bengaluru;Pune;Hyderabad,urban,Vegetarian,3-6L;>6L"
"Hot fish souffle,Delhi;Mumbai;Hyderabad;Kolkata;Goa,urban,Non-Vegetarian,3-6L;>6L"
"Hot spinach souffle,Delhi;Mumbai;Bengaluru;Pune;Hyderabad,urban,Vegetarian,3-6L;>6L"
"Plain cream cake,All Indian States and UTs,urban,Vegetarian,3-6L;>6L"
"Apple cake (Seb ka cake),Delhi;Mumbai;Kolkata;Pune;Bengaluru,urban,Vegetarian,3-6L;>6L"
"Marble cake,All Indian States and UTs,urban,Vegetarian,3-6L;>6L"
"Chocolate cake,All Indian States and UTs,urban,Vegetarian,3-6L;>6L"
"Orange cake,Delhi;Mumbai;Pune;Hyderabad;Kolkata,urban,Vegetarian,3-6L;>6L"
"Fruit Loaf ,Delhi;Mumbai;Pune;Hyderabad;Kolkata,urban,Vegetarian,3-6L;>6L"
"Banana cake (Kele ka cake),Kerala;Goa;Tamil Nadu;Karnataka;Maharashtra,both,Vegetarian,1-3L;3-6L"
"Chocolate chiffon cake,Delhi;Mumbai;Pune;Hyderabad;Kolkata,urban,Vegetarian,3-6L;>6L"
"Christmas cake,Goa;Kerala;Tamil Nadu;Karnataka;Maharashtra,both,Vegetarian,3-6L;>6L"
"Strawberry and vanilla cake with butter icing,Delhi;Mumbai;Pune;Hyderabad;Kolkata,urban,Vegetarian,3-6L;>6L"
"Eggless cake,All Indian States and UTs,urban,Vegetarian,3-6L;>6L"
"Swiss roll,Delhi;Mumbai;Hyderabad;Pune;Kolkata,urban,Vegetarian,3-6L;>6L"
"Pineapple pastry ,All Indian States and UTs,urban,Vegetarian,3-6L;>6L"
"Black forest pastry,All Indian States and UTs,urban,Vegetarian,3-6L;>6L"
"Coconut finger,Kerala;Goa;Maharashtra;Tamil Nadu;Karnataka,both,Vegetarian,1-3L;3-6L"
"Pineapple cake ,Goa;Kerala;Tamil Nadu;Karnataka;Maharashtra,urban,Vegetarian,3-6L;>6L"
"Chocolate walnut cookies (Chocolate aur akhrot ke cookies),Delhi;Mumbai;Pune;Hyderabad;Kolkata,urban,Vegetarian,3-6L;>6L"
"Chocolate chip cookies,All Indian States and UTs,urban,Vegetarian,3-6L;>6L"
"Sweet plain biscuit,All Indian States and UTs,both,Vegetarian,1-3L;3-6L;>6L"
"Chocolate biscuit,All Indian States and UTs,urban,Vegetarian,3-6L;>6L"
"Coconut biscuit (Nariyal ke biscuit),Kerala;Goa;Tamil Nadu;Karnataka;Maharashtra,both,Vegetarian,1-3L;3-6L"
"Sweet and salty biscuit (Meethay aur namkeen biscuit),All Indian States and UTs,both,Vegetarian,1-3L;3-6L"
"Peanut biscuit,Maharashtra;Gujarat;Madhya Pradesh;Rajasthan;Uttar Pradesh,both,Vegetarian,1-3L;3-6L"
"Pin wheel biscuit,Delhi;Mumbai;Pune;Hyderabad;Kolkata,urban,Vegetarian,3-6L;>6L"
"Saffron biscuit (Kesar biscuit),Rajasthan;Gujarat;Delhi;Madhya Pradesh;Maharashtra,both,Vegetarian,3-6L"
"Masala biscuit,Karnataka;Tamil Nadu;Kerala;Andhra Pradesh;Telangana,both,Vegetarian,1-3L;3-6L"
"Ice box cookies,Delhi;Mumbai;Pune;Hyderabad;Kolkata,urban,Vegetarian,3-6L;>6L"
"Ginger bread man,Delhi;Mumbai;Pune;Hyderabad;Goa,urban,Vegetarian,3-6L;>6L"
"Danish cookies,Delhi;Mumbai;Bengaluru;Hyderabad;Pune,urban,Vegetarian,3-6L;>6L"
"Short bread cookies,Delhi;Mumbai;Pune;Hyderabad;Kolkata,urban,Vegetarian,3-6L;>6L"
"Coffee biscuit,Delhi;Mumbai;Pune;Hyderabad;Kolkata,urban,Vegetarian,3-6L;>6L"
"Melting moments,Delhi;Mumbai;Hyderabad;Kolkata;Pune,urban,Vegetarian,3-6L;>6L"
"Ginger biscuit (Adarak ke biscuit),All Indian States and UTs,both,Vegetarian,1-3L;3-6L"
"Soyabean muthias,Gujarat;Madhya Pradesh;Rajasthan;Maharashtra;Delhi,both,Vegetarian,1-3L;3-6L"
"Soyabean tikki,Delhi;Maharashtra;Madhya Pradesh;Uttar Pradesh;Rajasthan,both,Vegetarian,1-3L;3-6L"
"Soyabean namak paras,Delhi;Madhya Pradesh;Rajasthan;Uttar Pradesh;Haryana,both,Vegetarian,1-3L;3-6L"
"Peanut burfi (Moongfali ki burfi),Maharashtra;Gujarat;Rajasthan;Uttar Pradesh;Madhya Pradesh,both,Vegetarian,1-3L;3-6L"
"Spinach peanut namak paras (Palak moongfali namak paras),Delhi;Madhya Pradesh;Rajasthan;Haryana;Uttar Pradesh,both,Vegetarian,1-3L;3-6L"
"Gram flour and semolina chilla/cheela/savory pancake (Besan suji chilla/cheela),All Indian States and UTs,both,Vegetarian,1-3L;3-6L"
"Rice moong dal cheela (Chawal aur moong dal ka cheela),Uttar Pradesh;Rajasthan;Delhi;Haryana;Madhya Pradesh,both,Vegetarian,1-3L;3-6L"
"Split bengal gram sweet rice (Channa dal sweet rice),Rajasthan;Gujarat;Maharashtra;Madhya Pradesh;Delhi,both,Vegetarian,1-3L;3-6L"
"Sweet poori (Meethi poori),Rajasthan;Uttar Pradesh;Haryana;Delhi;Madhya Pradesh,both,Vegetarian,1-3L;3-6L"
"Wheat flour and moong dal burfi (Atta aur moong dal ki burfi),Rajasthan;Madhya Pradesh;Uttar Pradesh;Haryana;Delhi,both,Vegetarian,1-3L;3-6L"
"Spinach burfi (Palak burfi),Punjab;Haryana;Delhi;Uttar Pradesh;Rajasthan,both,Vegetarian,3-6L"
"Sweet split chickpea roti (Sweet channa dal roti/Puranpoli),Maharashtra;Gujarat;Goa;Karnataka;Andhra Pradesh,both,Vegetarian,1-3L;3-6L"
"Sprouted moong daliya ,Maharashtra;Gujarat;Rajasthan;Delhi;Haryana,both,Vegetarian,1-3L;3-6L"
"Sprouted moong poha ,Maharashtra;Madhya Pradesh;Gujarat;Rajasthan;Delhi,both,Vegetarian,1-3L;3-6L"
"Pearl millet ladoo (Bajra ladoo),Rajasthan;Haryana;Gujarat;Madhya Pradesh;Uttar Pradesh,rural,Vegetarian,1-3L"
"Paushtik ladoo,Rajasthan;Madhya Pradesh;Delhi;Haryana;Gujarat,both,Vegetarian,1-3L;3-6L"
"Paushtik roti,Rajasthan;Haryana;Madhya Pradesh;Delhi;Uttar Pradesh,rural,Vegetarian,1-3L;3-6L"
"Semolina carrot vada (Suji gajar vada),Tamil Nadu;Karnataka;Kerala;Andhra Pradesh;Telangana,both,Vegetarian,1-3L;3-6L"
"Dhokla,Gujarat;Maharashtra;Rajasthan;Madhya Pradesh;Delhi,both,Vegetarian,1-3L;3-6L"
"Kashmiri tea (Kehwa),Jammu and Kashmir;Ladakh,urban,Vegetarian,3-6L;>6L"
"Steeped hot coffee,Tamil Nadu;Karnataka;Kerala;Delhi;Maharashtra,both,Vegetarian,3-6L;>6L"
"Hot chocolate,Delhi;Mumbai;Pune;Hyderabad;Kolkata,urban,Vegetarian,3-6L;>6L"
"Cold coffee (with cream),Delhi;Mumbai;Bengaluru;Hyderabad;Pune,urban,Vegetarian,3-6L;>6L"
"Banana milkshake with ice cream (Kele ka milkshake ice cream ke saath),All Indian States and UTs,both,Vegetarian,3-6L;>6L"
"Flavoured milkshake,All Indian States and UTs,urban,Vegetarian,3-6L;>6L"
"Jal jeera,All Indian States and UTs,both,Vegetarian,1-3L;3-6L"
"Gingo,Delhi;Mumbai;Pune;Hyderabad;Bengaluru,urban,Vegetarian,3-6L;>6L"
"Mintade,Delhi;Mumbai;Hyderabad;Kolkata;Bengaluru,urban,Vegetarian,3-6L;>6L"
"Canjee,Kerala;Tamil Nadu;Karnataka;Andhra Pradesh;Odisha,both,Vegetarian,1-3L;3-6L"
"Cauliflower canjee (Phoolgobhi ki canjee),Kerala;Tamil Nadu;Karnataka;Andhra Pradesh;Goa,both,Vegetarian,1-3L;3-6L"
"Potato canjee (Aloo canjee),Kerala;Tamil Nadu;Karnataka;Andhra Pradesh;Goa,both,Vegetarian,1-3L;3-6L"
"Vermicelli porridge (Semiya/Seviyan porridge),All Indian States and UTs,both,Vegetarian,1-3L;3-6L"
"Semolina upma (Suji/Rava upma),Tamil Nadu;Karnataka;Kerala;Andhra Pradesh;Telangana,both,Vegetarian,1-3L;3-6L"
"Vermicelli upma (Semiya/Seviyan upma),Tamil Nadu;Karnataka;Andhra Pradesh;Telangana;Kerala,both,Vegetarian,1-3L;3-6L"
"Rice upma,Tamil Nadu;Karnataka;Andhra Pradesh;Kerala;Telangana,both,Vegetarian,1-3L;3-6L"
"Bread upma,Tamil Nadu;Karnataka;Andhra Pradesh;Telangana;Kerala,both,Vegetarian,1-3L;3-6L"
"Vegetable upma,Tamil Nadu;Karnataka;Andhra Pradesh;Kerala;Telangana,both,Vegetarian,1-3L;3-6L"
"Poha,Maharashtra;Madhya Pradesh;Gujarat;Chhattisgarh;Odisha,both,Vegetarian,<1L;1-3L;3-6L"
"Vegetable poha,Maharashtra;Madhya Pradesh;Gujarat;Chhattisgarh;Odisha,both,Vegetarian,1-3L;3-6L"
"Moong dal stuffed cheela/chilla (Moong dal ka cheela/chilla),Uttar Pradesh;Delhi;Haryana;Rajasthan;Madhya Pradesh,both,Vegetarian,1-3L;3-6L"
"Paneer stuffed cheela/chilla,Punjab;Delhi;Haryana;Uttar Pradesh;Rajasthan,both,Vegetarian,3-6L"
"Indian style egg bhujia (Anda bhujia (Indian style)),All Indian States and UTs,both,Eggitarian,1-3L;3-6L"
"French omelette/omlet,Delhi;Mumbai;Bengaluru;Hyderabad;Pune,urban,Eggitarian,3-6L;>6L"
"Puffy omelette/omlet,Delhi;Mumbai;Kolkata;Hyderabad;Pune,urban,Eggitarian,3-6L;>6L"
"Orange omelette/omlet,Delhi;Mumbai;Hyderabad;Pune;Goa,urban,Eggitarian,3-6L;>6L"
"Cheese and mushroom omelette/omlet,Delhi;Mumbai;Hyderabad;Pune;Bengaluru,urban,Eggitarian,3-6L;>6L"
"Spanish omelette/omlet,Delhi;Mumbai;Hyderabad;Pune;Kolkata,urban,Eggitarian,3-6L;>6L"
"Mixed stock,Delhi;Mumbai;Hyderabad;Kolkata;Chennai,urban,Non-Vegetarian,3-6L;>6L"
"Meat stock,Delhi;Mumbai;Hyderabad;Kolkata;Chennai,urban,Non-Vegetarian,3-6L;>6L"
"White stock,Delhi;Mumbai;Hyderabad;Kolkata;Chennai,urban,Non-Vegetarian,3-6L;>6L"
"Meat consomme (with mutton),Delhi;Mumbai;Hyderabad;Kolkata;Chennai,urban,Non-Vegetarian,3-6L;>6L"
"Consomme au julienne,Delhi;Mumbai;Pune;Hyderabad;Kolkata,urban,Vegetarian,3-6L;>6L"
"Consomme au vermicelli,Delhi;Mumbai;Hyderabad;Pune;Kolkata,urban,Vegetarian,3-6L;>6L"
"Green pea soup (Matar ka soup),All Indian States and UTs,both,Vegetarian,1-3L;3-6L"
"Spinach soup (Palak ka soup),All Indian States and UTs,both,Vegetarian,1-3L;3-6L"
"Mixed vegetable soup,All Indian States and UTs,both,Vegetarian,1-3L;3-6L"
"Cheese soup,Delhi;Mumbai;Hyderabad;Kolkata;Pune,urban,Vegetarian,3-6L;>6L"
"Mulligatawny soup,Tamil Nadu;Karnataka;Kerala;Andhra Pradesh;Delhi,both,Vegetarian,3-6L;>6L"
"Cream of carrot soup,Delhi;Mumbai;Hyderabad;Kolkata;Bengaluru,urban,Vegetarian,3-6L;>6L"
"Cream of broccoli soup,Delhi;Mumbai;Hyderabad;Pune;Kolkata,urban,Vegetarian,3-6L;>6L"
"Cream of potato soup,Delhi;Mumbai;Hyderabad;Kolkata;Pune,urban,Vegetarian,3-6L;>6L"
"Almond soup (Badam ka soup),Delhi;Mumbai;Hyderabad;Kolkata;Pune,urban,Vegetarian,3-6L;>6L"
"Cold cucumber cream soup ,Delhi;Mumbai;Bengaluru;Pune;Hyderabad,urban,Vegetarian,3-6L;>6L"
"Cold tomato soup,Delhi;Mumbai;Bengaluru;Hyderabad;Kolkata,urban,Vegetarian,3-6L;>6L"
"Chicken stew,Kerala;Tamil Nadu;Goa;Karnataka;Delhi,both,Non-Vegetarian,3-6L;>6L"
"Veg paneer stew,Delhi;Mumbai;Kolkata;Hyderabad;Pune,urban,Vegetarian,3-6L;>6L"
"Onion-green chilli parantha/paratha (Pyaaz aur hari mirch ka parantha/paratha),Punjab;Haryana;Delhi;Uttar Pradesh;Rajasthan,both,Vegetarian,1-3L;3-6L"
"Methi parantha/paratha,Punjab;Haryana;Delhi;Uttar Pradesh;Rajasthan,both,Vegetarian,1-3L;3-6L"
"Bathua poori,Uttar Pradesh;Bihar;Haryana;Delhi;Rajasthan,both,Vegetarian,1-3L;3-6L"
"Gram flour poori (Besan poori),Rajasthan;Madhya Pradesh;Uttar Pradesh;Haryana;Delhi,both,Vegetarian,1-3L;3-6L"
"Beetroot poori (Chukandar ki poori),Punjab;Haryana;Delhi;Uttar Pradesh;Rajasthan,both,Vegetarian,1-3L;3-6L"
"Peas poori (Matar ki poori),Punjab;Haryana;Delhi;Uttar Pradesh;Rajasthan,both,Vegetarian,1-3L;3-6L"
"Peas kachori (Matar kachori),Uttar Pradesh;Rajasthan;Delhi;Madhya Pradesh;Bihar,both,Vegetarian,1-3L;3-6L"
"Pizza,All Indian States and UTs,urban,Vegetarian,3-6L;>6L"
"Bacon and mushroom pancake,Delhi;Mumbai;Goa;Hyderabad;Kolkata,urban,Non-Vegetarian,3-6L;>6L"
"Cheese and tomato pancake,Delhi;Mumbai;Bengaluru;Hyderabad;Pune,urban,Vegetarian,3-6L;>6L"
"Minced meat pancake (with chicken),Delhi;Mumbai;Hyderabad;Kolkata;Pune,urban,Non-Vegetarian,3-6L;>6L"
"Eggplant/Brinjal rice (Vangi bhat),Maharashtra;Karnataka;Andhra Pradesh;Tamil Nadu;Telangana,both,Vegetarian,1-3L;3-6L"
"Kashmiri 'tahar',Jammu and Kashmir;Ladakh,both,Vegetarian,3-6L"
"Cumin pulao (Jeera/Zeera pulao),All Indian States and UTs,both,Vegetarian,1-3L;3-6L"
"Peas pulao (Matar pulao),Punjab;Haryana;Delhi;Uttar Pradesh;Rajasthan,both,Vegetarian,1-3L;3-6L"
"Split bengal gram dal and vegetable pulao (Channa dal and vegetable pulao),Rajasthan;Madhya Pradesh;Gujarat;Delhi;Haryana,both,Vegetarian,1-3L;3-6L"
"Black channa pulao/ Bengal gram pulao (Kale chane ka pulao),Punjab;Haryana;Delhi;Rajasthan;Uttar Pradesh,both,Vegetarian,1-3L;3-6L"
"Mutton pulao,Hyderabad;Lucknow;Delhi;Kolkata;Bhopal,both,Non-Vegetarian,3-6L;>6L"
"Chicken pulao,Hyderabad;Lucknow;Delhi;Kolkata;Bhopal,both,Non-Vegetarian,3-6L;>6L"
"Mexican rice,Delhi;Mumbai;Bengaluru;Hyderabad;Pune,urban,Vegetarian,3-6L;>6L"
"Plain khitchdi (Plain khichri/khichdi),All Indian States and UTs,both,Vegetarian,<1L;1-3L;3-6L"
"Instant idli (with semolina),Tamil Nadu;Karnataka;Andhra Pradesh;Kerala;Telangana,both,Vegetarian,1-3L;3-6L"
"Plain dosa,All Indian States and UTs,both,Vegetarian,1-3L;3-6L"
"Masala dosa mixed vegetable fillings,Tamil Nadu;Karnataka;Andhra Pradesh;Kerala;Telangana,both,Vegetarian,1-3L;3-6L"
"Masala dosa paneer fillings,Tamil Nadu;Karnataka;Andhra Pradesh;Kerala;Telangana,urban,Vegetarian,3-6L"
"Uttapam,All Indian States and UTs,both,Vegetarian,1-3L;3-6L"
"Appam,Kerala;Tamil Nadu;Karnataka;Andhra Pradesh;Goa,both,Vegetarian,1-3L;3-6L"
"Beans and macaroni,Delhi;Mumbai;Bengaluru;Hyderabad;Pune,urban,Vegetarian,3-6L;>6L"
"Spaghetti bolognese,Delhi;Mumbai;Bengaluru;Hyderabad;Kolkata,urban,Non-Vegetarian,3-6L;>6L"
"Meat and macaroni casserole,Delhi;Mumbai;Hyderabad;Pune;Kolkata,urban,Non-Vegetarian,3-6L;>6L"
"Spaghetti with meat balls and tomato sauce,Delhi;Mumbai;Hyderabad;Kolkata;Goa,urban,Non-Vegetarian,3-6L;>6L"
"Spaghetti with paneer balls and tomato sauce,Delhi;Mumbai;Pune;Hyderabad;Kolkata,urban,Vegetarian,3-6L;>6L"
"Lasagne with meat sauce,Delhi;Mumbai;Hyderabad;Kolkata;Goa,urban,Non-Vegetarian,3-6L;>6L"
"Lasagne with vegetables,Delhi;Mumbai;Pune;Hyderabad;Kolkata,urban,Vegetarian,3-6L;>6L"
"Home made egg noodles,Delhi;Mumbai;Bengaluru;Kolkata;Hyderabad,urban,Eggitarian,3-6L;>6L"
"Sour lentils (Khatti dal),Andhra Pradesh;Telangana;Maharashtra;Karnataka;Tamil Nadu,both,Vegetarian,1-3L;3-6L"
"Urad special dehusked,All Indian States and UTs,both,Vegetarian,1-3L;3-6L"
"Arhar with spinach (Arhar dal aur palak),Uttar Pradesh;Bihar;Madhya Pradesh;Delhi;Rajasthan,both,Vegetarian,1-3L;3-6L"
"Moong dal with vadi,Rajasthan;Punjab;Haryana;Delhi;Uttar Pradesh,both,Vegetarian,1-3L;3-6L"
"Rasam with tamarind (Puli rasam/ Chintapandu rasam/ Charu/Saaru),Tamil Nadu;Andhra Pradesh;Karnataka;Kerala;Telangana,both,Vegetarian,1-3L;3-6L"
"Rasam with lemon (Nimmakaya rasam/Nimmakaya charu/Elumichai rasam/Nimbe hannina saaru),Tamil Nadu;Andhra Pradesh;Karnataka;Kerala;Telangana,both,Vegetarian,1-3L;3-6L"
"Green gram whole with baghar (Sabut moong dal with tadka),Rajasthan;Madhya Pradesh;Delhi;Haryana;Uttar Pradesh,both,Vegetarian,1-3L;3-6L"
"Urad sabut special,Punjab;Haryana;Delhi;Uttar Pradesh;Rajasthan,both,Vegetarian,1-3L;3-6L"
"Kabuli channa curry,All Indian States and UTs,both,Vegetarian,1-3L;3-6L"
"Besan gatte curry,Rajasthan;Haryana;Delhi;Madhya Pradesh;Uttar Pradesh,both,Vegetarian,1-3L;3-6L"
"Dry masala chops,Delhi;Lucknow;Hyderabad;Kolkata;Mumbai,urban,Non-Vegetarian,3-6L;>6L"
"Mutton korma,Delhi;Lucknow;Hyderabad;Kolkata;Bhopal,both,Non-Vegetarian,3-6L;>6L"
"Shahi keema kofta curry,Delhi;Lucknow;Hyderabad;Kolkata;Mumbai,urban,Non-Vegetarian,3-6L;>6L"
"Minced meat ball curry,Delhi;Lucknow;Hyderabad;Kolkata;Bhopal,urban,Non-Vegetarian,3-6L;>6L"
"Boti kebab,Lucknow;Delhi;Hyderabad;Bhopal;Kolkata,both,Non-Vegetarian,3-6L;>6L"
"Mutton seekh kebab,Lucknow;Delhi;Hyderabad;Bhopal;Kolkata,both,Non-Vegetarian,3-6L;>6L"
"Indian lamb and egg curry (Nargisi kofta),Delhi;Lucknow;Hyderabad;Bhopal;Kolkata,both,Non-Vegetarian,3-6L;>6L"
"Soya chunks sweet and sour (Nutrinugget sweet and sour),Delhi;Maharashtra;Karnataka;Rajasthan;Uttar Pradesh,both,Vegetarian,1-3L;3-6L"
"Soya chunks korma (Nutrinugget korma),Delhi;Maharashtra;Uttar Pradesh;Rajasthan;Madhya Pradesh,both,Vegetarian,1-3L;3-6L"
"Mushroom matar,Delhi;Punjab;Haryana;Uttar Pradesh;Rajasthan,both,Vegetarian,3-6L"
"Soya chunks and peas (Nutrinugget matar),Delhi;Maharashtra;Uttar Pradesh;Rajasthan;Madhya Pradesh,both,Vegetarian,1-3L;3-6L"
"Vegetable yakhni,Jammu and Kashmir;Delhi;Punjab;Haryana;Uttar Pradesh,both,Vegetarian,3-6L"
"Spinach mushroom (Palak mushroom),Delhi;Punjab;Haryana;Uttar Pradesh;Rajasthan,both,Vegetarian,3-6L;>6L"
"Vegetarian nargisi kofta curry,Delhi;Mumbai;Kolkata;Hyderabad;Pune,urban,Vegetarian,3-6L;>6L"
"Roast chicken,Delhi;Lucknow;Hyderabad;Kolkata;Goa,both,Non-Vegetarian,3-6L;>6L"
"Shahi chicken masala,Punjab;Delhi;Haryana;Uttar Pradesh;Rajasthan,both,Non-Vegetarian,3-6L;>6L"
"Tomato chicken,Delhi;Lucknow;Hyderabad;Kolkata;Mumbai,both,Non-Vegetarian,3-6L;>6L"
"Creamy chicken,Delhi;Mumbai;Hyderabad;Kolkata;Goa,urban,Non-Vegetarian,3-6L;>6L"
"Broccoli chicken ala king,Delhi;Mumbai;Pune;Hyderabad;Bengaluru,urban,Non-Vegetarian,3-6L;>6L"
"Ginger chicken,Hyderabad;Chennai;Bengaluru;Kolkata;Delhi,both,Non-Vegetarian,3-6L;>6L"
"Chicken sweet and sour,Delhi;Mumbai;Hyderabad;Kolkata;Goa,urban,Non-Vegetarian,3-6L;>6L"
"Chicken korma,Delhi;Lucknow;Hyderabad;Kolkata;Bhopal,both,Non-Vegetarian,3-6L;>6L"
"Bengal fish curry (Bengali machli curry),West Bengal;Odisha;Assam;Tripura;Bihar,both,Non-Vegetarian,1-3L;3-6L"
"Fish finger,Delhi;Mumbai;Kolkata;Hyderabad;Goa,urban,Non-Vegetarian,3-6L;>6L"
"Fish in coconut milk (Nariyal ke doodh ke saath machli),Kerala;Goa;Tamil Nadu;Karnataka;Andhra Pradesh,both,Non-Vegetarian,3-6L"
"Prawn curry (with coconut) (Jhinga curry),Goa;Kerala;Maharashtra;Andhra Pradesh;West Bengal,both,Non-Vegetarian,3-6L;>6L"
"Baked stuffed fish,Goa;Mumbai;Kolkata;Hyderabad;Bengaluru,urban,Non-Vegetarian,3-6L;>6L"
"Fish pie,Goa;Mumbai;Hyderabad;Kolkata;Bengaluru,urban,Non-Vegetarian,3-6L;>6L"
"Crispy baked fish,Goa;Mumbai;Hyderabad;Kolkata;Bengaluru,urban,Non-Vegetarian,3-6L;>6L"
"Fish souffle,Goa;Mumbai;Hyderabad;Kolkata;Delhi,urban,Non-Vegetarian,3-6L;>6L"
"Potato curry (Aloo ki sabzi),All Indian States and UTs,both,Vegetarian,1-3L;3-6L"
"Egg curry (Anda curry),All Indian States and UTs,both,Eggitarian,1-3L;3-6L"
"Vegetable curry with coconut ,Kerala;Tamil Nadu;Karnataka;Andhra Pradesh;Goa,both,Vegetarian,1-3L;3-6L"
"Curd with potatoes (Dahi aloo),Rajasthan;Uttar Pradesh;Haryana;Delhi;Madhya Pradesh,both,Vegetarian,1-3L;3-6L"
"Potato kofta curry (Aloo kofta curry),All Indian States and UTs,both,Vegetarian,1-3L;3-6L"
"Yam kofta curry (Zimikand/Suran kofta curry),Maharashtra;Madhya Pradesh;Uttar Pradesh;Bihar;Delhi,both,Vegetarian,1-3L;3-6L"
"Jackfruit kofta curry (Kathal ka kofta curry),Uttar Pradesh;Bihar;Jharkhand;Delhi;West Bengal,both,Vegetarian,1-3L;3-6L"
"Spinach and potato (Palak aloo),All Indian States and UTs,both,Vegetarian,1-3L;3-6L"
"Mooli bhujia,Haryana;Punjab;Delhi;Uttar Pradesh;Rajasthan,both,Vegetarian,1-3L;3-6L"
"Bathua bhujia,Haryana;Punjab;Delhi;Uttar Pradesh;Rajasthan,both,Vegetarian,1-3L;3-6L"
"Cabbage rolls (dry) ((Pattagobhi rolls) (dry)),Delhi;Mumbai;Pune;Hyderabad;Kolkata,urban,Vegetarian,3-6L;>6L"
"Cabbage rolls (curry) ((Pattagobhi rolls)(curry)),Delhi;Mumbai;Pune;Hyderabad;Kolkata,urban,Vegetarian,3-6L;>6L"
"Dry arbi (Sookhi arbi),Punjab;Delhi;Haryana;Uttar Pradesh;Rajasthan,both,Vegetarian,1-3L;3-6L"
"Masala arbi,Punjab;Delhi;Haryana;Uttar Pradesh;Rajasthan,both,Vegetarian,1-3L;3-6L"
"Peas brinjal bhartha (Matar baingan bhartha),Punjab;Haryana;Delhi;Uttar Pradesh;Rajasthan,both,Vegetarian,1-3L;3-6L"
"Okra/Lady's fingers fry (Bhindi sabzi/sabji/subji),All Indian States and UTs,both,Vegetarian,1-3L;3-6L"
"Crispy okra/Crispy lady's fingers (Karare bhindi),Punjab;Delhi;Haryana;Uttar Pradesh;Rajasthan,both,Vegetarian,3-6L"
"Beans foogath,Goa;Karnataka;Kerala;Tamil Nadu;Maharashtra,both,Vegetarian,1-3L;3-6L"
"Stuffed bittergourd (wet) (Bharwa karele),Punjab;Haryana;Delhi;Uttar Pradesh;Rajasthan,both,Vegetarian,1-3L;3-6L"
"Jackfruit/Kathal (dry),Uttar Pradesh;Bihar;West Bengal;Jharkhand;Odisha,both,Vegetarian,1-3L;3-6L"
"Yam fried (Zimikand/Suran fried),Maharashtra;Madhya Pradesh;Uttar Pradesh;Bihar;Delhi,both,Vegetarian,1-3L;3-6L"
"Cauliflower, pea and potato bhujia (Phoolgobhi, matar aur aloo bhujia),All Indian States and UTs,both,Vegetarian,1-3L;3-6L"
"Vegetable jalfrezi,All Indian States and UTs,both,Vegetarian,3-6L;>6L"
"Vegetables stir fry ,All Indian States and UTs,urban,Vegetarian,3-6L;>6L"
"Broccoli delight,Delhi;Mumbai;Pune;Hyderabad;Bengaluru,urban,Vegetarian,3-6L;>6L"
"Dhansak (vegetarian),Gujarat;Maharashtra;Goa;Delhi;Hyderabad,both,Vegetarian,3-6L;>6L"
"Cauliflower basket,Delhi;Mumbai;Pune;Hyderabad;Kolkata,urban,Vegetarian,3-6L;>6L"
"Stuffed bottle gourd (Stuffed ghiya/lauki),Punjab;Haryana;Delhi;Uttar Pradesh;Rajasthan,both,Vegetarian,1-3L;3-6L"
"Ducheese potato,Delhi;Mumbai;Pune;Hyderabad;Bengaluru,urban,Vegetarian,3-6L;>6L"
"Roast potatoes ,Delhi;Mumbai;Hyderabad;Pune;Kolkata,urban,Vegetarian,3-6L;>6L"
"Stuffed baked potatoes ,Delhi;Mumbai;Pune;Hyderabad;Kolkata,urban,Vegetarian,3-6L;>6L"
"Potato nests,Delhi;Mumbai;Pune;Hyderabad;Kolkata,urban,Vegetarian,3-6L;>6L"
"Parsley potato,Delhi;Mumbai;Bengaluru;Hyderabad;Kolkata,urban,Vegetarian,3-6L;>6L"
"Creamed spinach and mushroom,Delhi;Mumbai;Pune;Hyderabad;Bengaluru,urban,Vegetarian,3-6L;>6L"
"Fricassee of Mushroom,Delhi;Mumbai;Pune;Hyderabad;Bengaluru,urban,Vegetarian,3-6L;>6L"
"Cauliflower au gratin,Delhi;Mumbai;Pune;Hyderabad;Kolkata,urban,Vegetarian,3-6L;>6L"
"Vegetable and cheese pie,Delhi;Mumbai;Pune;Hyderabad;Kolkata,urban,Vegetarian,3-6L;>6L"
"Spinach souffle ,Delhi;Mumbai;Bengaluru;Pune;Hyderabad,urban,Vegetarian,3-6L;>6L"
"Beetroot and egg salad (Chukandar aur ande ka salad),Delhi;Mumbai;Kolkata;Hyderabad;Pune,urban,Eggitarian,3-6L;>6L"
"Sour cream potato salad,Delhi;Mumbai;Pune;Hyderabad;Kolkata,urban,Vegetarian,3-6L;>6L"
"Tossed green salad,All Indian States and UTs,urban,Vegetarian,3-6L;>6L"
"Spring basket salad,Delhi;Mumbai;Pune;Hyderabad;Kolkata,urban,Vegetarian,3-6L;>6L"
"Cucumber and yogurt salad (Kheere aur dahi ka salad),All Indian States and UTs,both,Vegetarian,1-3L;3-6L"
"Chicken and tomato towers,Delhi;Mumbai;Hyderabad;Kolkata;Goa,urban,Non-Vegetarian,3-6L;>6L"
"Jellied sunshine fruit salad,Delhi;Mumbai;Pune;Hyderabad;Kolkata,urban,Vegetarian,3-6L;>6L"
"Tomato aspic,Delhi;Mumbai;Pune;Hyderabad;Kolkata,urban,Vegetarian,3-6L;>6L"
"Frozen frosty fruit salad (Phalon ka salaad),All Indian States and UTs,urban,Vegetarian,3-6L;>6L"
"French dressing,Delhi;Mumbai;Bengaluru;Hyderabad;Kolkata,urban,Vegetarian,3-6L;>6L"
"Mayonnaise without eggs,All Indian States and UTs,urban,Vegetarian,3-6L;>6L"
"Curd dressing,All Indian States and UTs,both,Vegetarian,1-3L;3-6L"
"Carrot raita (Gajar ka raita),Punjab;Delhi;Haryana;Uttar Pradesh;Rajasthan,both,Vegetarian,1-3L;3-6L"
"Pumpkin raita (Kaddu ka raita),Rajasthan;Haryana;Delhi;Uttar Pradesh;Madhya Pradesh,both,Vegetarian,1-3L;3-6L"
"Mint and peanut raita (Pudinay aur moongfali ka raita),Maharashtra;Gujarat;Rajasthan;Delhi;Haryana,both,Vegetarian,1-3L;3-6L"
"Spinach raita (Palak ka raita),Punjab;Delhi;Haryana;Uttar Pradesh;Rajasthan,both,Vegetarian,1-3L;3-6L"
"Bathua raita,Haryana;Punjab;Delhi;Uttar Pradesh;Rajasthan,both,Vegetarian,1-3L;3-6L"
"Pineapple raita (Ananas ka raita),Delhi;Mumbai;Kolkata;Hyderabad;Goa,both,Vegetarian,3-6L;>6L"
"Banana raita (Kele ka raita),Kerala;Karnataka;Tamil Nadu;Andhra Pradesh;Maharashtra,both,Vegetarian,1-3L;3-6L"
"Mango raita (Aam ka raita),All Indian States and UTs,both,Vegetarian,1-3L;3-6L"
"Guava raita (Amarood ka raita),Uttar Pradesh;Bihar;Delhi;Haryana;Madhya Pradesh,both,Vegetarian,1-3L;3-6L"
"Grapes raita (Angoor ka raita),Maharashtra;Delhi;Karnataka;Tamil Nadu;Goa,urban,Vegetarian,3-6L;>6L"
"Bottle gourd kheer (Ghiya/Lauki kheer),Rajasthan;Uttar Pradesh;Haryana;Delhi;Punjab,both,Vegetarian,1-3L;3-6L"
"Pumpkin kheer (Kaddu ki kheer),Rajasthan;Haryana;Delhi;Uttar Pradesh;Madhya Pradesh,both,Vegetarian,1-3L;3-6L"
"Apple kheer (Seb ki kheer),Delhi;Punjab;Haryana;Uttar Pradesh;Kashmir,both,Vegetarian,3-6L"
"Caramel custard (baked),Delhi;Mumbai;Hyderabad;Goa;Kolkata,urban,Vegetarian,3-6L;>6L"
"Vanilla ice cream without egg,All Indian States and UTs,urban,Vegetarian,3-6L;>6L"
"Vanilla ice cream with egg,Delhi;Mumbai;Pune;Hyderabad;Kolkata,urban,Eggitarian,3-6L;>6L"
"Strawberry ice cream,All Indian States and UTs,urban,Vegetarian,3-6L;>6L"
"Chocochip ice cream,All Indian States and UTs,urban,Vegetarian,3-6L;>6L"
"Choconut ice cream,Delhi;Mumbai;Pune;Hyderabad;Kolkata,urban,Vegetarian,3-6L;>6L"
"Pear chocholate sunday,Delhi;Mumbai;Bengaluru;Hyderabad;Kolkata,urban,Vegetarian,3-6L;>6L"
"Chocolate sauce,All Indian States and UTs,urban,Vegetarian,3-6L;>6L"
"Coffee ice cream,Delhi;Mumbai;Hyderabad;Pune;Kolkata,urban,Vegetarian,3-6L;>6L"
"Coffee pear alaska,Delhi;Mumbai;Hyderabad;Pune;Goa,urban,Vegetarian,3-6L;>6L"
"Crunchy butterscotch,All Indian States and UTs,urban,Vegetarian,3-6L;>6L"
"Peach melba ice cream,Delhi;Mumbai;Hyderabad;Kolkata;Goa,urban,Vegetarian,3-6L;>6L"
"Vanilla ice cream with apples in hot cherry sauce,Delhi;Mumbai;Hyderabad;Kolkata;Goa,urban,Vegetarian,3-6L;>6L"
"Grape and orange whip,Delhi;Mumbai;Bengaluru;Hyderabad;Pune,urban,Vegetarian,3-6L;>6L"
"Honey banana cream,Kerala;Goa;Maharashtra;Karnataka;Tamil Nadu,both,Vegetarian,1-3L;3-6L"
"Raspberry bavarian cream,Delhi;Mumbai;Pune;Hyderabad;Kolkata,urban,Vegetarian,3-6L;>6L"
"Fruit delight,All Indian States and UTs,urban,Vegetarian,3-6L;>6L"
"Creamy chocolate mousse,Delhi;Mumbai;Hyderabad;Pune;Kolkata,urban,Vegetarian,3-6L;>6L"
"Cold lemon souffle,Delhi;Mumbai;Hyderabad;Pune;Kolkata,urban,Vegetarian,3-6L;>6L"
"Cold orange souffle,Delhi;Mumbai;Hyderabad;Kolkata;Goa,urban,Vegetarian,3-6L;>6L"
"Cold pineapple souffle,Delhi;Mumbai;Hyderabad;Goa;Pune,urban,Vegetarian,3-6L;>6L"
"Cold vanilla souffle,Delhi;Mumbai;Hyderabad;Pune;Kolkata,urban,Vegetarian,3-6L;>6L"
"Cold chocolate souffle,Delhi;Mumbai;Hyderabad;Kolkata;Pune,urban,Vegetarian,3-6L;>6L"
"Stewed fruit (with pear),Delhi;Mumbai;Pune;Hyderabad;Goa,urban,Vegetarian,3-6L;>6L"
"Apricot fool,Delhi;Mumbai;Pune;Hyderabad;Kolkata,urban,Vegetarian,3-6L;>6L"
"Pavlova,Delhi;Mumbai;Goa;Hyderabad;Bengaluru,urban,Eggitarian,3-6L;>6L"
"Apple crumb pudding,Delhi;Mumbai;Pune;Hyderabad;Kolkata,urban,Vegetarian,3-6L;>6L"
"Steamed cake with chocolate sauce,All Indian States and UTs,urban,Vegetarian,3-6L;>6L"
"Hot lemon souffle,Delhi;Mumbai;Hyderabad;Pune;Kolkata,urban,Vegetarian,3-6L;>6L"
"Gulab jamun with milk powder,All Indian States and UTs,both,Vegetarian,1-3L;3-6L;>6L"
"Chum chum,West Bengal;Odisha;Assam;Tripura;Jharkhand,both,Vegetarian,1-3L;3-6L"
"Dil bahar,West Bengal;Odisha;Bihar;Assam;Jharkhand,both,Vegetarian,1-3L;3-6L"
"Rasbhari,West Bengal;Odisha;Bihar;Jharkhand;Assam,both,Vegetarian,1-3L;3-6L"
"Rajbogh,West Bengal;Odisha;Bihar;Assam;Jharkhand,both,Vegetarian,1-3L;3-6L"
"Rasgulla,West Bengal;Odisha;Assam;Tripura;Jharkhand,both,Vegetarian,1-3L;3-6L"
"Rasmalai,West Bengal;Odisha;Bihar;Assam;Jharkhand,both,Vegetarian,3-6L;>6L"
"Khoa coconut burfi,Delhi;Madhya Pradesh;Rajasthan;Uttar Pradesh;Maharashtra,both,Vegetarian,1-3L;3-6L"
"Danedar burfi,Delhi;Uttar Pradesh;Rajasthan;Madhya Pradesh;Punjab,both,Vegetarian,1-3L;3-6L"
"Semolina burfi (Suji/Rava burfi),All Indian States and UTs,both,Vegetarian,1-3L;3-6L"
"Pumpkin coconut burfi (Kaddu aur nariyal ki burfi),Kerala;Goa;Maharashtra;Tamil Nadu;Karnataka,both,Vegetarian,1-3L;3-6L"
"Khoa ladoo,All Indian States and UTs,both,Vegetarian,1-3L;3-6L"
"Wheat and gram flour ladoo (Atta besan ladoo),All Indian States and UTs,both,Vegetarian,1-3L;3-6L"
"Semolina ladoo with nuts (Suji/Rava ladoo with nuts),All Indian States and UTs,both,Vegetarian,1-3L;3-6L"
"Sesame chickpeas brittle (Til aur channe ki chikki),Maharashtra;Gujarat;Rajasthan;Madhya Pradesh;Delhi,both,Vegetarian,1-3L;3-6L"
"Murmura chikki,Maharashtra;Gujarat;Madhya Pradesh;Rajasthan;Uttar Pradesh,both,Vegetarian,<1L;1-3L"
"Masala onion pakora/pakoda (Pyaaz ke pakode),All Indian States and UTs,both,Vegetarian,<1L;1-3L;3-6L"
"Masala green chilli pakora/pakoda (Hari mirch kay pakode),Rajasthan;Haryana;Uttar Pradesh;Delhi;Punjab,both,Vegetarian,1-3L;3-6L"
"Chicken pakora/pakoda,Punjab;Delhi;Hyderabad;Kolkata;Bhopal,both,Non-Vegetarian,3-6L;>6L"
"Fish pakora/pakoda,West Bengal;Kerala;Goa;Odisha;Andhra Pradesh,both,Non-Vegetarian,3-6L;>6L"
"Paneer cutlet,Punjab;Delhi;Haryana;Uttar Pradesh;Rajasthan,both,Vegetarian,3-6L"
"Sago cutlet/vadas (Sabudana cutlet/vadas),Maharashtra;Gujarat;Madhya Pradesh;Rajasthan;Delhi,both,Vegetarian,1-3L;3-6L"
"Poshtik cutlet,Rajasthan;Madhya Pradesh;Delhi;Uttar Pradesh;Haryana,both,Vegetarian,1-3L;3-6L"
"Egg cutlet (Anda cutlet),West Bengal;Odisha;Assam;Tripura;Jharkhand,both,Eggitarian,1-3L;3-6L"
"Minced meat cutlet,West Bengal;Odisha;Kerala;Goa;Hyderabad,both,Non-Vegetarian,3-6L;>6L"
"Vegetable samosa,All Indian States and UTs,both,Vegetarian,1-3L;3-6L"
"Plain urad dal vada (Uzunne vada/Minapa garelu/Ulundu vadai/Medu vada),Tamil Nadu;Karnataka;Kerala;Andhra Pradesh;Telangana,both,Vegetarian,1-3L;3-6L"
"Masala urad dal vada,Tamil Nadu;Karnataka;Andhra Pradesh;Kerala;Telangana,both,Vegetarian,1-3L;3-6L"
"Khaman (dhokla),Gujarat;Maharashtra;Rajasthan;Madhya Pradesh;Delhi,both,Vegetarian,1-3L;3-6L"
"Instant dhokla,Gujarat;Maharashtra;Rajasthan;Madhya Pradesh;Delhi,urban,Vegetarian,3-6L"
"Tomato ginger chutney (Tamatar adarak ki chutney),All Indian States and UTs,both,Vegetarian,1-3L;3-6L"
"Mint tomato chutney (Pudinay aur tamatar ki chutney),All Indian States and UTs,both,Vegetarian,1-3L;3-6L"
"Coriander chutney (Hare dhaniye ki chutney),All Indian States and UTs,both,Vegetarian,1-3L;3-6L"
"Gooseberry chutney (Amla chutney),All Indian States and UTs,both,Vegetarian,1-3L;3-6L"
"Walnut chutney (Akhrot ki chutney),Jammu and Kashmir;Himachal Pradesh;Punjab;Uttarakhand;Delhi,both,Vegetarian,3-6L"
"Saunth/Sonth chutney with ginger,Uttar Pradesh;Delhi;Rajasthan;Haryana;Punjab,both,Vegetarian,1-3L;3-6L"
"Gun powder chutney,Tamil Nadu;Karnataka;Andhra Pradesh;Telangana;Kerala,both,Vegetarian,1-3L;3-6L"
"Dessicated coconut chutney (Sookhe kase nariyal ki chutney),Tamil Nadu;Kerala;Karnataka;Andhra Pradesh;Telangana,both,Vegetarian,1-3L;3-6L"
"Curd mint dip,Delhi;Mumbai;Hyderabad;Kolkata;Pune,urban,Vegetarian,3-6L;>6L"
"Curd vegetable dip,Delhi;Mumbai;Pune;Hyderabad;Kolkata,urban,Vegetarian,3-6L;>6L"
"Mayonnaise vegetable dip,Delhi;Mumbai;Hyderabad;Pune;Kolkata,urban,Vegetarian,3-6L;>6L"
"Tomato and cucumber sandwich (Tamatar aur kheere ka sandwich),All Indian States and UTs,urban,Vegetarian,1-3L;3-6L"
"Tomato sandwich (grilled),All Indian States and UTs,urban,Vegetarian,3-6L"
"French sandwich (toasted),Delhi;Mumbai;Pune;Hyderabad;Kolkata,urban,Vegetarian,3-6L;>6L"
"Peanut butter cucumber sandwich,Delhi;Mumbai;Bengaluru;Hyderabad;Pune,urban,Vegetarian,3-6L;>6L"
"Mint and peanut sandwich,Delhi;Mumbai;Hyderabad;Pune;Bengaluru,urban,Vegetarian,3-6L;>6L"
"Spicy chutney sandwich,All Indian States and UTs,urban,Vegetarian,3-6L"
"Chicken walnut sandwich (Chicken aur akhrot ke sandwich),Delhi;Mumbai;Hyderabad;Pune;Kolkata,urban,Non-Vegetarian,3-6L;>6L"
"Rolled sandwich,Delhi;Mumbai;Pune;Hyderabad;Kolkata,urban,Vegetarian,3-6L;>6L"
"Ribbon sandwich,Delhi;Mumbai;Hyderabad;Pune;Kolkata,urban,Vegetarian,3-6L;>6L"
"Checker board sandwich,Delhi;Mumbai;Hyderabad;Pune;Kolkata,urban,Vegetarian,3-6L;>6L"
"Submarine sandwich,All Indian States and UTs,urban,Non-Vegetarian,3-6L;>6L"
"Cheese open sandwich,All Indian States and UTs,urban,Vegetarian,3-6L;>6L"
"Sunset and sunrise open sandwich,Delhi;Mumbai;Pune;Hyderabad;Kolkata,urban,Vegetarian,3-6L;>6L"
"Danish luncheon sandwich,Delhi;Mumbai;Hyderabad;Pune;Bengaluru,urban,Non-Vegetarian,3-6L;>6L"
"Chicken and corn open sandwich,Delhi;Mumbai;Hyderabad;Kolkata;Goa,urban,Non-Vegetarian,3-6L;>6L"
"Chocolate sponge cake,All Indian States and UTs,urban,Vegetarian,3-6L;>6L"
"Chocolate swiss roll,All Indian States and UTs,urban,Vegetarian,3-6L;>6L"
"Lemon curd filling,Delhi;Mumbai;Pune;Hyderabad;Kolkata,urban,Vegetarian,3-6L;>6L"
"Jam filling,All Indian States and UTs,both,Vegetarian,1-3L;3-6L"
"Chocolate pastry,All Indian States and UTs,urban,Vegetarian,3-6L;>6L"
"Assorted pastry,All Indian States and UTs,urban,Vegetarian,3-6L;>6L"
"Orange gateau,Delhi;Mumbai;Pune;Hyderabad;Kolkata,urban,Vegetarian,3-6L;>6L"
"Black forest gateau,All Indian States and UTs,urban,Vegetarian,3-6L;>6L"
"Lemon cake,Delhi;Mumbai;Hyderabad;Pune;Kolkata,urban,Vegetarian,3-6L;>6L"
"Dundee cake,Delhi;Mumbai;Kolkata;Goa;Hyderabad,urban,Vegetarian,3-6L;>6L"
"Victorian sandwich cake,Delhi;Mumbai;Hyderabad;Pune;Kolkata,urban,Vegetarian,3-6L;>6L"
"Chocolate eggless cake,All Indian States and UTs,urban,Vegetarian,3-6L;>6L"
"Orange eggless cake,All Indian States and UTs,urban,Vegetarian,3-6L;>6L"
"Chocolate glace icing,Delhi;Mumbai;Hyderabad;Pune;Kolkata,urban,Vegetarian,3-6L;>6L"
"Butter icing,All Indian States and UTs,urban,Vegetarian,3-6L;>6L"
"Chocolate butter icing,All Indian States and UTs,urban,Vegetarian,3-6L;>6L"
"Almond biscuit (Badam ke biscuit),Rajasthan;Gujarat;Delhi;Punjab;Haryana,both,Vegetarian,1-3L;3-6L"
"Orange biscuit,Delhi;Mumbai;Pune;Hyderabad;Kolkata,urban,Vegetarian,3-6L"
"Gingerman biscuit,Delhi;Mumbai;Hyderabad;Goa;Pune,urban,Vegetarian,3-6L;>6L"
"Coffee drops,Delhi;Mumbai;Hyderabad;Pune;Kolkata,urban,Vegetarian,3-6L;>6L"
"Christmas biscuit,Goa;Kerala;Tamil Nadu;Karnataka;Delhi,both,Vegetarian,3-6L;>6L"
"Christmas wreath biscuit,Goa;Kerala;Tamil Nadu;Karnataka;Maharashtra,both,Vegetarian,3-6L;>6L"
"Christmas bell biscuit,Goa;Kerala;Tamil Nadu;Maharashtra;Karnataka,both,Vegetarian,3-6L;>6L"
"Christmas star biscuit,Goa;Kerala;Tamil Nadu;Maharashtra;Karnataka,both,Vegetarian,3-6L;>6L"
"Christmas tree biscuit,Goa;Kerala;Tamil Nadu;Karnataka;Maharashtra,both,Vegetarian,3-6L;>6L"
"Chocolate cream shells,Delhi;Mumbai;Hyderabad;Pune;Kolkata,urban,Vegetarian,3-6L;>6L"
"Jelly biscuit,All Indian States and UTs,urban,Vegetarian,3-6L"
"Cherry and walnut cookies,Delhi;Mumbai;Hyderabad;Pune;Kolkata,urban,Vegetarian,3-6L;>6L"
"Cheese straws,Delhi;Mumbai;Hyderabad;Pune;Kolkata,urban,Vegetarian,3-6L;>6L"
"Butterfly biscuit,Delhi;Mumbai;Hyderabad;Pune;Kolkata,urban,Vegetarian,3-6L"
"Flan pastry,Delhi;Mumbai;Hyderabad;Pune;Kolkata,urban,Vegetarian,3-6L;>6L"
"Fruit flan,Delhi;Mumbai;Pune;Hyderabad;Kolkata,urban,Vegetarian,3-6L;>6L"
"Orange cream flan,Delhi;Mumbai;Pune;Hyderabad;Kolkata,urban,Vegetarian,3-6L;>6L"
"Fruit puree tart,Delhi;Mumbai;Hyderabad;Kolkata;Pune,urban,Vegetarian,3-6L;>6L"
"Apple banana pie,Delhi;Mumbai;Pune;Hyderabad;Goa,urban,Vegetarian,3-6L;>6L"
"Lemon chiffon pie,Delhi;Mumbai;Hyderabad;Pune;Kolkata,urban,Vegetarian,3-6L;>6L"
"Orange chiffon pie,Delhi;Mumbai;Hyderabad;Pune;Kolkata,urban,Vegetarian,3-6L;>6L"
"Cream buns,All Indian States and UTs,urban,Vegetarian,3-6L;>6L"
"Savoury puffs,All Indian States and UTs,urban,Vegetarian,3-6L;>6L"
"Choux swans,Delhi;Mumbai;Hyderabad;Pune;Kolkata,urban,Vegetarian,3-6L;>6L"
"Potato aigrettes,Delhi;Mumbai;Hyderabad;Pune;Bengaluru,urban,Vegetarian,3-6L;>6L"
"Cream horns,Delhi;Mumbai;Hyderabad;Pune;Kolkata,urban,Vegetarian,3-6L;>6L"
"Savoury cheese horns,Delhi;Mumbai;Hyderabad;Pune;Kolkata,urban,Vegetarian,3-6L;>6L"
"Paneer patties,Delhi;Punjab;Haryana;Uttar Pradesh;Rajasthan,both,Vegetarian,3-6L"
"Vegetable patties ,All Indian States and UTs,both,Vegetarian,1-3L;3-6L"
"Pearl millet infant food (Bajra shishu aahaar),Rajasthan;Haryana;Gujarat;Madhya Pradesh;Uttar Pradesh,rural,Vegetarian,<1L;1-3L"
"Sajina,Odisha;Jharkhand;Bihar;West Bengal;Chhattisgarh,rural,Vegetarian,<1L;1-3L"
"Cereal mix ,All Indian States and UTs,both,Vegetarian,<1L;1-3L"
"Pulse mix,All Indian States and UTs,both,Vegetarian,<1L;1-3L"
"Shishu ahar,All Indian States and UTs,rural,Vegetarian,<1L;1-3L"
"Cereal pulse mix with amylase rice flour,All Indian States and UTs,rural,Vegetarian,<1L;1-3L"
"Banana groundnut paste/puree,Kerala;Tamil Nadu;Karnataka;Maharashtra;Andhra Pradesh,rural,Vegetarian,<1L;1-3L"
"Rice dal porridge (Chawal dal ki khichdi/khichri),All Indian States and UTs,rural,Vegetarian,<1L;1-3L"
"Lentils and semolina porridge (Dal suji porridge/daliya),All Indian States and UTs,rural,Vegetarian,<1L;1-3L"
"Spinach khichri (Palak khichri/khichdi),All Indian States and UTs,rural,Vegetarian,<1L;1-3L"
"Vegetable mix,All Indian States and UTs,rural,Vegetarian,<1L;1-3L"
"Lentils and wheat porridge (Dal wheat porridge/daliya ),All Indian States and UTs,rural,Vegetarian,<1L;1-3L"
"Maize porridge,Madhya Pradesh;Rajasthan;Uttar Pradesh;Gujarat;Maharashtra,rural,Vegetarian,<1L;1-3L"
"Spinach peanut burfi (Palak aur mungfali ki burfi),Rajasthan;Delhi;Madhya Pradesh;Uttar Pradesh;Haryana,both,Vegetarian,1-3L;3-6L"
"Split bengal gram burfi/fudge (Channa dal burfi),Rajasthan;Madhya Pradesh;Uttar Pradesh;Haryana;Delhi,both,Vegetarian,1-3L;3-6L"
"Chickpea flour cookies (Sweet besan rounds/cookies),Rajasthan;Gujarat;Madhya Pradesh;Delhi;Uttar Pradesh,both,Vegetarian,1-3L;3-6L"
"Pearl millet mathri (Bajra mathri),Rajasthan;Haryana;Gujarat;Madhya Pradesh;Delhi,both,Vegetarian,1-3L;3-6L"
"Sesame biscuit (Til ke biscuit),Rajasthan;Gujarat;Uttar Pradesh;Madhya Pradesh;Delhi,both,Vegetarian,1-3L;3-6L"
"Fermented bengal gram vada (Khameerikrit/Ufna hua channa dal ka vada),Tamil Nadu;Karnataka;Andhra Pradesh;Telangana;Kerala,both,Vegetarian,1-3L;3-6L"
"Poshtik namak paras,Rajasthan;Madhya Pradesh;Delhi;Haryana;Uttar Pradesh,both,Vegetarian,1-3L;3-6L"
"Soya chikki,Maharashtra;Gujarat;Rajasthan;Madhya Pradesh;Delhi,both,Vegetarian,1-3L;3-6L"
"Besan bathua chilla/cheela,Haryana;Punjab;Delhi;Uttar Pradesh;Rajasthan,both,Vegetarian,1-3L;3-6L"
"Wheat flour and nuts ladoos (Atta nuts ladoos),All Indian States and UTs,both,Vegetarian,1-3L;3-6L"
"Gram flour and semolina dhokla (Besan suji dhokla),Gujarat;Maharashtra;Rajasthan;Madhya Pradesh;Delhi,both,Vegetarian,1-3L;3-6L"
"Atta dal burfi ,Rajasthan;Madhya Pradesh;Delhi;Uttar Pradesh;Haryana,both,Vegetarian,1-3L;3-6L"
"Soya roti,Rajasthan;Delhi;Madhya Pradesh;Uttar Pradesh;Haryana,both,Vegetarian,1-3L;3-6L"
"Poshtik khichdi/khichri,All Indian States and UTs,both,Vegetarian,<1L;1-3L;3-6L"
"Namkeen daliya,All Indian States and UTs,both,Vegetarian,1-3L;3-6L"
"Sprouts upma ,Maharashtra;Karnataka;Tamil Nadu;Andhra Pradesh;Telangana,both,Vegetarian,1-3L;3-6L"
"Semolina idli (Suji/Rava idli),Tamil Nadu;Karnataka;Kerala;Andhra Pradesh;Telangana,both,Vegetarian,1-3L;3-6L"
"Poshtik chilla/cheela,Rajasthan;Delhi;Madhya Pradesh;Uttar Pradesh;Haryana,both,Vegetarian,1-3L;3-6L"
"Stuffed bittergourd (dry) (Bharwa karela),Punjab;Haryana;Delhi;Uttar Pradesh;Rajasthan,both,Vegetarian,1-3L;3-6L"
"Cauliflower potato canjee,Karnataka;Kerala;Tamil Nadu;Andhra Pradesh;Goa,both,Vegetarian,1-3L;3-6L"
"Creamed spinach,Delhi;Mumbai;Hyderabad;Pune;Kolkata,urban,Vegetarian,3-6L;>6L"
"Mango milkshake with ice cream (Aam milkshake ice cream ke saath),All Indian States and UTs,urban,Vegetarian,3-6L;>6L"
"Pineapple milkshake with ice cream (Ananas milkshake ice cream ke saath),All Indian States and UTs,urban,Vegetarian,3-6L;>6L"
"Orange milkshake with ice cream (Narangi milkshake ice cream ke saath),All Indian States and UTs,urban,Vegetarian,3-6L;>6L"
"Woodapple juice (Bel ka sharbat),Rajasthan;Uttar Pradesh;Bihar;Madhya Pradesh;Odisha,both,Vegetarian,1-3L"
"Sattu drink,Bihar;Jharkhand;Uttar Pradesh;West Bengal;Odisha,both,Vegetarian,<1L;1-3L"
"Apple and honey sorbet (Seb aur shehad ka sharbat),Delhi;Mumbai;Hyderabad;Kolkata;Goa,urban,Vegetarian,3-6L;>6L"
"Thandai,Uttar Pradesh;Rajasthan;Delhi;Haryana;Madhya Pradesh,both,Vegetarian,3-6L;>6L"
"Cucumber sharbat (Kheere ka sharbat),Delhi;Rajasthan;Uttar Pradesh;Madhya Pradesh;Haryana,both,Vegetarian,1-3L;3-6L"
"Apple oats chia seed smoothie,Delhi;Mumbai;Hyderabad;Pune;Kolkata,urban,Vegetarian,3-6L;>6L"
"Nannari sharbat,Tamil Nadu;Kerala;Karnataka;Andhra Pradesh;Telangana,both,Vegetarian,1-3L;3-6L"
"Semolina milk drink (Thari kanji),Tamil Nadu;Kerala;Karnataka;Andhra Pradesh;Telangana,both,Vegetarian,1-3L;3-6L"
"Saffron milk (Kesariya doodh),Rajasthan;Uttar Pradesh;Haryana;Delhi;Punjab,both,Vegetarian,3-6L;>6L"
"Black rice kheer (Chak-hao kheer),Manipur;Assam;Tripura;Nagaland;Meghalaya,both,Vegetarian,1-3L;3-6L"
"Coconut kheer (Nariyal ki kheer),Kerala;Goa;Tamil Nadu;Karnataka;Maharashtra,both,Vegetarian,1-3L;3-6L"
"Apple sago payasam (Seb aur sabudana ki kheer),Kerala;Tamil Nadu;Karnataka;Andhra Pradesh;Goa,both,Vegetarian,1-3L;3-6L"
"Kesari bath,Karnataka;Tamil Nadu;Andhra Pradesh;Telangana;Kerala,both,Vegetarian,1-3L;3-6L"
"Putharekulu,Andhra Pradesh;Telangana,both,Vegetarian,1-3L;3-6L"
"Mango malpua,Uttar Pradesh;Bihar;Odisha;Rajasthan;West Bengal,both,Vegetarian,1-3L;3-6L"
"Mango vanilla custard,All Indian States and UTs,urban,Vegetarian,3-6L;>6L"
"Kiwi granola pudding,Delhi;Mumbai;Pune;Hyderabad;Kolkata,urban,Vegetarian,3-6L;>6L"
"Oats burfi,Delhi;Maharashtra;Karnataka;Gujarat;Tamil Nadu,urban,Vegetarian,3-6L"
"Lotus seed halwa (Kamal gattay ka halwa),Uttar Pradesh;Bihar;Rajasthan;Delhi;Madhya Pradesh,both,Vegetarian,1-3L;3-6L"
"Amaranth ladoo (Rajgira ladoo),Maharashtra;Gujarat;Rajasthan;Madhya Pradesh;Delhi,both,Vegetarian,1-3L;3-6L"
"Chhena poda,Odisha;West Bengal;Jharkhand;Bihar;Assam,both,Vegetarian,1-3L;3-6L"
"Sweet couscous dessert,Delhi;Mumbai;Goa;Hyderabad;Bengaluru,urban,Vegetarian,3-6L;>6L"
"Sweetened yogurt (Shrikhand),Maharashtra;Gujarat;Rajasthan;Delhi;Madhya Pradesh,both,Vegetarian,3-6L;>6L"
"Thickened sweetened milk (Rabri),Uttar Pradesh;Rajasthan;Bihar;Delhi;Haryana,both,Vegetarian,1-3L;3-6L"
"Gram flour halwa (Besan halwa),All Indian States and UTs,both,Vegetarian,1-3L;3-6L"
"Prawn sandwich,Goa;Kerala;Mumbai;Kolkata;Hyderabad,urban,Non-Vegetarian,3-6L;>6L"
"Watercress sandwich,Delhi;Mumbai;Hyderabad;Pune;Bengaluru,urban,Vegetarian,3-6L;>6L"
"Fish sandwich ,Goa;Kerala;West Bengal;Mumbai;Hyderabad,urban,Non-Vegetarian,3-6L;>6L"
"Kidney bean sandwich with cottage cheese,Delhi;Mumbai;Hyderabad;Pune;Kolkata,urban,Vegetarian,3-6L;>6L"
"Finger millet biscuit (Ragi biscuit),Karnataka;Tamil Nadu;Kerala;Andhra Pradesh;Telangana,both,Vegetarian,1-3L;3-6L"
"Buttermilk biscuit,Delhi;Maharashtra;Karnataka;Gujarat;Tamil Nadu,both,Vegetarian,1-3L;3-6L"
"Lemon cookies,Delhi;Mumbai;Pune;Hyderabad;Kolkata,urban,Vegetarian,3-6L"
"Sweet potato biscuit (Shakarkand ke biscuit),Rajasthan;Madhya Pradesh;Uttar Pradesh;Delhi;Haryana,both,Vegetarian,1-3L;3-6L"
"Raspberry shortbread cookies,Delhi;Mumbai;Hyderabad;Pune;Kolkata,urban,Vegetarian,3-6L;>6L"
"Pumpkin cookies ,Delhi;Mumbai;Pune;Hyderabad;Kolkata,urban,Vegetarian,3-6L"
"Greenpea cookies,Delhi;Mumbai;Hyderabad;Pune;Kolkata,urban,Vegetarian,3-6L;>6L"
"Sunflower cookies,Delhi;Mumbai;Pune;Hyderabad;Kolkata,urban,Vegetarian,3-6L;>6L"
"Cardamom cookies (Elaichi cookies),All Indian States and UTs,both,Vegetarian,1-3L;3-6L"
"Hazelnut cookies,Delhi;Mumbai;Hyderabad;Pune;Kolkata,urban,Vegetarian,3-6L;>6L"
"Milk cookies,All Indian States and UTs,both,Vegetarian,1-3L;3-6L"
"Cranberry cookies,Delhi;Mumbai;Pune;Hyderabad;Kolkata,urban,Vegetarian,3-6L;>6L"
"Olive biscuit,Delhi;Mumbai;Hyderabad;Pune;Kolkata,urban,Vegetarian,3-6L;>6L"
"Tutti fruitti biscuit,All Indian States and UTs,urban,Vegetarian,3-6L"
"Peach blueberry preserves,Delhi;Mumbai;Hyderabad;Pune;Kolkata,urban,Vegetarian,3-6L;>6L"
"Pear preserves (Naashpati ka murabba),Delhi;Punjab;Haryana;Uttar Pradesh;Rajasthan,both,Vegetarian,1-3L;3-6L"
"Starfruit preserves ,Goa;Kerala;Maharashtra;Karnataka;Tamil Nadu,both,Vegetarian,1-3L;3-6L"
"Gooseberry pickle (Amla ka achaar),All Indian States and UTs,both,Vegetarian,1-3L;3-6L"
"Lotus stem pickle (Kamal kakdi ka achar),Punjab;Delhi;Haryana;Uttar Pradesh;Rajasthan,both,Vegetarian,1-3L;3-6L"
"Date pickle (Khajoor ka achaar),Rajasthan;Gujarat;Maharashtra;Delhi;Karnataka,both,Vegetarian,1-3L;3-6L"
"Garlic pickle (Lahasun ka achar),All Indian States and UTs,both,Vegetarian,1-3L;3-6L"
"Fermented bamboo shoot pickle (Mesu pickle),Sikkim;Nagaland;Assam;Manipur;Meghalaya,both,Vegetarian,1-3L;3-6L"
"Sweet peach pickle (Aadoo ka achaar),Jammu and Kashmir;Himachal Pradesh;Uttarakhand;Punjab;Delhi,both,Vegetarian,3-6L"
"Pickled mustard greens ,Punjab;Haryana;Himachal Pradesh;Delhi;Uttarakhand,both,Vegetarian,1-3L;3-6L"
"Small onion pickle ,Tamil Nadu;Karnataka;Andhra Pradesh;Kerala;Telangana,both,Vegetarian,1-3L;3-6L"
"Green tomato pickle (Haray tamatar ka achaar),Uttar Pradesh;Rajasthan;Haryana;Delhi;Madhya Pradesh,both,Vegetarian,1-3L;3-6L"
"Pickled cabbage ,Punjab;Delhi;Uttar Pradesh;Haryana;Rajasthan,both,Vegetarian,1-3L;3-6L"
"Coconut pickle (Nariyal ka aachar),Kerala;Goa;Karnataka;Tamil Nadu;Andhra Pradesh,both,Vegetarian,1-3L;3-6L"
"Potato pickle (Aloo ka achaar),Uttar Pradesh;Bihar;Delhi;Rajasthan;Haryana,both,Vegetarian,1-3L;3-6L"
"Mango murabba candy,All Indian States and UTs,both,Vegetarian,1-3L;3-6L"
"Afghani chicken,Delhi;Lucknow;Hyderabad;Kolkata;Mumbai,urban,Non-Vegetarian,3-6L;>6L"
"Fish orly,Goa;Kerala;Mumbai;Kolkata;Hyderabad,urban,Non-Vegetarian,3-6L;>6L"
"Hariyali Fish Tikka,Delhi;Mumbai;Hyderabad;Kolkata;Goa,urban,Non-Vegetarian,3-6L;>6L"
"Chicken manchurian,All Indian States and UTs,urban,Non-Vegetarian,3-6L;>6L"
"Handi chicken,Delhi;Lucknow;Hyderabad;Bhopal;Kolkata,both,Non-Vegetarian,3-6L;>6L"
"Lemon chicken,Delhi;Hyderabad;Kolkata;Mumbai;Goa,both,Non-Vegetarian,3-6L;>6L"
"Lemon butter fish,Goa;Kerala;Mumbai;Kolkata;Hyderabad,urban,Non-Vegetarian,3-6L;>6L"
"Baked eggs in tomato sauce,Delhi;Mumbai;Hyderabad;Pune;Kolkata,urban,Eggitarian,3-6L;>6L"
"Egg in a pepper,Delhi;Mumbai;Hyderabad;Pune;Kolkata,urban,Eggitarian,3-6L;>6L"
"Spinach mushroom scrambled egg (Palak mushroom bhurji),Delhi;Mumbai;Hyderabad;Pune;Kolkata,urban,Eggitarian,3-6L;>6L"
"Corn omelette/omlet,All Indian States and UTs,both,Eggitarian,1-3L;3-6L"
"Cajun chicken,Delhi;Mumbai;Hyderabad;Kolkata;Goa,urban,Non-Vegetarian,3-6L;>6L"
"Paneer do pyaza,All Indian States and UTs,both,Vegetarian,3-6L;>6L"
"Cabbage manchurian (Pattagobhi manchurian),All Indian States and UTs,urban,Vegetarian,3-6L"
"Gobi 65,Tamil Nadu;Karnataka;Andhra Pradesh;Telangana;Kerala,both,Vegetarian,1-3L;3-6L"
"Paneer lababdar,Delhi;Punjab;Haryana;Uttar Pradesh;Rajasthan,both,Vegetarian,3-6L;>6L"
"Roasted cauliflower steak,Delhi;Mumbai;Pune;Hyderabad;Kolkata,urban,Vegetarian,3-6L;>6L"
"Sauteed radishes with green beans,Delhi;Mumbai;Hyderabad;Pune;Kolkata,urban,Vegetarian,3-6L"
"Garlic chutney/Poondu chutney (Lahasun ki chutney),Tamil Nadu;Karnataka;Kerala;Andhra Pradesh;Telangana,both,Vegetarian,1-3L;3-6L"
"Schezwan chutney,All Indian States and UTs,urban,Vegetarian,3-6L;>6L"
"Onion chutney (Pyaaz ki chutney/Vengaya chutney),Tamil Nadu;Karnataka;Andhra Pradesh;Kerala;Telangana,both,Vegetarian,1-3L;3-6L"
"Dates chutney (Khajoor ki chutney),Rajasthan;Gujarat;Maharashtra;Delhi;Karnataka,both,Vegetarian,1-3L;3-6L"
"Chicken salad,Delhi;Mumbai;Hyderabad;Kolkata;Goa,urban,Non-Vegetarian,3-6L;>6L"
"Macaroni salad,Delhi;Mumbai;Hyderabad;Pune;Kolkata,urban,Vegetarian,3-6L;>6L"
"Cabbage raita (Pattagobhi raita),Delhi;Punjab;Haryana;Uttar Pradesh;Rajasthan,both,Vegetarian,1-3L;3-6L"
"Pomegranate raita (Anaar ka raita),Delhi;Punjab;Haryana;Uttar Pradesh;Rajasthan,both,Vegetarian,3-6L"
"Onion raita (Pyaaz ka raita),All Indian States and UTs,both,Vegetarian,1-3L;3-6L"
"Green chilli raita (Hari mirch ka raita),Rajasthan;Haryana;Uttar Pradesh;Delhi;Madhya Pradesh,both,Vegetarian,1-3L;3-6L"
"Kale salad,Delhi;Mumbai;Pune;Hyderabad;Bengaluru,urban,Vegetarian,3-6L;>6L"
"Spinach and paneer souffle ,Delhi;Mumbai;Hyderabad;Pune;Kolkata,urban,Vegetarian,3-6L;>6L"
"Masala souffle ,Delhi;Mumbai;Hyderabad;Pune;Kolkata,urban,Vegetarian,3-6L;>6L"
"Chicken and cheese souffle,Delhi;Mumbai;Hyderabad;Pune;Kolkata,urban,Non-Vegetarian,3-6L;>6L"
"Tamarind chutney (Chintapandu pachadi/Puli chutney),Tamil Nadu;Andhra Pradesh;Telangana;Karnataka;Kerala,both,Vegetarian,1-3L;3-6L"
"Pav bhaji masala,Maharashtra;Gujarat;Delhi;Rajasthan;Madhya Pradesh,both,Vegetarian,1-3L;3-6L"
"Green chutney,All Indian States and UTs,both,Vegetarian,1-3L;3-6L"
"Sago khitchdi/khichri (Sabudana khitchdi/khichri),Maharashtra;Gujarat;Madhya Pradesh;Rajasthan;Delhi,both,Vegetarian,1-3L;3-6L"
"Gram flour chilla/cheela (Besan chilla/cheela),Rajasthan;Madhya Pradesh;Uttar Pradesh;Delhi;Haryana,both,Vegetarian,1-3L;3-6L"
"Vegetable namkeen jave,Rajasthan;Madhya Pradesh;Uttar Pradesh;Delhi;Haryana,both,Vegetarian,1-3L;3-6L"
"Khakhra,Gujarat;Rajasthan;Maharashtra;Madhya Pradesh;Delhi,both,Vegetarian,1-3L;3-6L"
"Moong bean dosa (Pesarattu),Andhra Pradesh;Telangana;Tamil Nadu;Karnataka;Kerala,both,Vegetarian,1-3L;3-6L"
"Methi thepla,Gujarat;Rajasthan;Maharashtra;Madhya Pradesh;Delhi,both,Vegetarian,1-3L;3-6L"
"Rice puttu (Ari puttu),Kerala;Tamil Nadu;Karnataka;Andhra Pradesh;Telangana,both,Vegetarian,1-3L;3-6L"
"Buckwheat pancake (Khura),Arunachal Pradesh;Assam;Nagaland;Sikkim;Manipur,both,Vegetarian,1-3L;3-6L"
"Quinoa khichdi/khichri,Delhi;Mumbai;Hyderabad;Pune;Bengaluru,urban,Vegetarian,3-6L;>6L"
"Khakhra chaat,Gujarat;Rajasthan;Maharashtra;Madhya Pradesh;Delhi,both,Vegetarian,1-3L;3-6L"
"Banana appam,Kerala;Tamil Nadu;Karnataka;Andhra Pradesh;Telangana,both,Vegetarian,1-3L;3-6L"
"Veg manchurian,All Indian States and UTs,urban,Vegetarian,3-6L;>6L"
"Pav bhaji,Maharashtra;Gujarat;Delhi;Rajasthan;Madhya Pradesh,both,Vegetarian,1-3L;3-6L"
"Rice murukku,Tamil Nadu;Karnataka;Kerala;Andhra Pradesh;Telangana,both,Vegetarian,1-3L;3-6L"
"Bhel puri ,Maharashtra;Gujarat;Delhi;Rajasthan;Madhya Pradesh,both,Vegetarian,1-3L;3-6L"
"Semolina dhokla (Suji/Rava dhokla),Gujarat;Maharashtra;Rajasthan;Madhya Pradesh;Delhi,both,Vegetarian,1-3L;3-6L"
"Spicy corn chaat ,All Indian States and UTs,both,Vegetarian,1-3L;3-6L"
"Jackfruit fritters (Ponsa mulik/Kathal ka pakora),Goa;Karnataka;Kerala;West Bengal;Odisha,both,Vegetarian,1-3L;3-6L"
"Banana chips (Kele ke chips),Kerala;Tamil Nadu;Karnataka;Andhra Pradesh;Telangana,both,Vegetarian,1-3L;3-6L"
"Wheat cake,All Indian States and UTs,both,Vegetarian,1-3L;3-6L"
"Mango cheesecake,Delhi;Mumbai;Hyderabad;Pune;Kolkata,urban,Vegetarian,3-6L;>6L"
"Carrot cake (Gajar ka cake),All Indian States and UTs,urban,Vegetarian,3-6L;>6L"
"Semolina cake (Suji/Rava cake),All Indian States and UTs,both,Vegetarian,1-3L;3-6L"
"Finger millet cake (Ragi cake),Karnataka;Tamil Nadu;Kerala;Andhra Pradesh;Telangana,both,Vegetarian,1-3L;3-6L"
"Honey cake,All Indian States and UTs,urban,Vegetarian,3-6L;>6L"
"Almond cardamom cake (Badam elaichi cake),Delhi;Mumbai;Hyderabad;Pune;Kolkata,urban,Vegetarian,3-6L;>6L"
"Tutti frutti cake,All Indian States and UTs,urban,Vegetarian,3-6L"
"Ham and Bean soup,Goa;Kolkata;Mumbai;Hyderabad;Delhi,urban,Non-Vegetarian,3-6L;>6L"
"Whey soup,Delhi;Maharashtra;Karnataka;Punjab;Tamil Nadu,both,Vegetarian,1-3L;3-6L"
"Bottle gourd soup (Ghiya/Lauki soup),Rajasthan;Delhi;Uttar Pradesh;Haryana;Punjab,both,Vegetarian,1-3L;3-6L"
"Baked potato soup,Delhi;Mumbai;Hyderabad;Pune;Kolkata,urban,Vegetarian,3-6L"
"Pumpkin soup,Delhi;Mumbai;Hyderabad;Pune;Kolkata,urban,Vegetarian,3-6L"
"Sweet corn soup,All Indian States and UTs,urban,Vegetarian,3-6L;>6L"
"Paneer soup,Punjab;Delhi;Haryana;Uttar Pradesh;Rajasthan,both,Vegetarian,3-6L"
"Curried Cauliflower soup,Delhi;Mumbai;Hyderabad;Kolkata;Pune,urban,Vegetarian,3-6L"
"Millet soup,Karnataka;Tamil Nadu;Rajasthan;Madhya Pradesh;Delhi,both,Vegetarian,1-3L;3-6L"
"Lemon coriander soup,All Indian States and UTs,urban,Vegetarian,3-6L;>6L"
"Garlic soup,Delhi;Rajasthan;Uttar Pradesh;Punjab;Haryana,both,Vegetarian,1-3L;3-6L"
"Dal makhani,Punjab;Delhi;Haryana;Uttar Pradesh;Rajasthan,both,Vegetarian,3-6L"
"Dalma,Odisha;Jharkhand;Bihar;West Bengal;Chhattisgarh,both,Vegetarian,1-3L;3-6L"
"Split bengal gram dal (Channa dal),All Indian States and UTs,both,Vegetarian,1-3L;3-6L"
"Horsegram dal (Kulthi dal) ,Karnataka;Tamil Nadu;Kerala;Andhra Pradesh;Telangana,both,Vegetarian,1-3L;3-6L"
"Panchmel dal,Rajasthan;Gujarat;Madhya Pradesh;Delhi;Haryana,both,Vegetarian,1-3L;3-6L"
"Dal dhokli,Gujarat;Rajasthan;Maharashtra;Madhya Pradesh;Delhi,both,Vegetarian,1-3L;3-6L"
"Gujarati handvo ,Gujarat;Maharashtra;Rajasthan;Madhya Pradesh;Delhi,both,Vegetarian,1-3L;3-6L"
"Sev (Omapodi/Karapusa),Tamil Nadu;Karnataka;Andhra Pradesh;Telangana;Kerala,both,Vegetarian,1-3L;3-6L"
"Papdi,Gujarat;Rajasthan;Delhi;Madhya Pradesh;Uttar Pradesh,both,Vegetarian,1-3L;3-6L"
"Jowar dosa,Karnataka;Maharashtra;Telangana;Andhra Pradesh;Tamil Nadu,both,Vegetarian,1-3L;3-6L"
"Bread roll,All Indian States and UTs,both,Vegetarian,1-3L;3-6L"
"Soya seekh kebab,Delhi;Maharashtra;Uttar Pradesh;Punjab;Haryana,both,Vegetarian,3-6L;>6L"
"Classic seasoned black beans,Delhi;Mumbai;Hyderabad;Pune;Kolkata,urban,Vegetarian,3-6L;>6L"
"Maa chaane ki dal,Delhi;Punjab;Haryana;Uttar Pradesh;Rajasthan,both,Vegetarian,1-3L;3-6L"
"Garlic chickpea soup (Lahasun aur chane ka shoraba),Delhi;Punjab;Haryana;Uttar Pradesh;Rajasthan,both,Vegetarian,1-3L;3-6L"
"White sauce (thin),All Indian States and UTs,urban,Vegetarian,3-6L;>6L"
"White sauce (medium),All Indian States and UTs,urban,Vegetarian,3-6L;>6L"
"White sauce (thick),All Indian States and UTs,urban,Vegetarian,3-6L;>6L"
"Cheese sauce,Delhi;Mumbai;Hyderabad;Pune;Kolkata,urban,Vegetarian,3-6L;>6L"
"Egg sauce,Delhi;Mumbai;Hyderabad;Pune;Kolkata,urban,Eggitarian,3-6L;>6L"
"Mushroom sauce,Delhi;Mumbai;Hyderabad;Pune;Kolkata,urban,Vegetarian,3-6L;>6L"
"Mustard sauce,Delhi;Mumbai;Kolkata;Goa;Hyderabad,urban,Vegetarian,3-6L;>6L"
"Brown sauce,Delhi;Mumbai;Pune;Hyderabad;Kolkata,urban,Vegetarian,3-6L;>6L"
"Classic italian pasta,Delhi;Mumbai;Hyderabad;Pune;Kolkata,urban,Vegetarian,3-6L;>6L"
"Pasta spinach sauce,Delhi;Mumbai;Pune;Hyderabad;Kolkata,urban,Vegetarian,3-6L;>6L"
"Pasta cheese sauce,Delhi;Mumbai;Pune;Hyderabad;Kolkata,urban,Vegetarian,3-6L;>6L"
"Mayonnaise,All Indian States and UTs,urban,Vegetarian,3-6L;>6L"
"Low calorie quick mayonnaise,Delhi;Mumbai;Hyderabad;Pune;Kolkata,urban,Vegetarian,3-6L;>6L"
"Thousand island dressing,Delhi;Mumbai;Hyderabad;Pune;Kolkata,urban,Vegetarian,3-6L;>6L"
"Curd dip,All Indian States and UTs,urban,Vegetarian,3-6L"
"Short crust pastry,Delhi;Mumbai;Hyderabad;Pune;Kolkata,urban,Vegetarian,3-6L;>6L"
"Choux pastry,Delhi;Mumbai;Hyderabad;Pune;Kolkata,urban,Vegetarian,3-6L;>6L"
"Flaky pastry,Delhi;Mumbai;Hyderabad;Pune;Kolkata,urban,Vegetarian,3-6L;>6L"
"Sponge cake ,All Indian States and UTs,urban,Vegetarian,3-6L"
"Glace icing,Delhi;Mumbai;Hyderabad;Pune;Kolkata,urban,Vegetarian,3-6L"
"Royal icing,Delhi;Mumbai;Hyderabad;Pune;Kolkata,urban,Vegetarian,3-6L"
"American frosting,Delhi;Mumbai;Hyderabad;Pune;Kolkata,urban,Vegetarian,3-6L;>6L"
"Gum icing,Delhi;Mumbai;Hyderabad;Pune;Kolkata,urban,Vegetarian,3-6L"
"Channa murmura premix,All Indian States and UTs,both,Vegetarian,1-3L"
"Cracked wheat and green gram dal premix (Dalia moong dal premix),All Indian States and UTs,both,Vegetarian,1-3L"
"Rice flakes and roasted channa ,All Indian States and UTs,both,Vegetarian,1-3L"
"Spinach soup in milk ,Delhi;Punjab;Haryana;Uttar Pradesh;Rajasthan,both,Vegetarian,3-6L"
"Vegetable soup,All Indian States and UTs,both,Vegetarian,1-3L;3-6L"
"Mashed banana with milk,All Indian States and UTs,both,Vegetarian,<1L;1-3L"
"Poha with curd (Poha aur dahi),Maharashtra;Madhya Pradesh;Gujarat;Rajasthan;Delhi,both,Vegetarian,1-3L;3-6L"
"Potato with curd,Delhi;Haryana;Uttar Pradesh;Punjab;Rajasthan,both,Vegetarian,1-3L;3-6L"
"Sweet wheat porridge (Sweet dalia),All Indian States and UTs,both,Vegetarian,<1L;1-3L"
"Vegetable khichdi/khichri,All Indian States and UTs,both,Vegetarian,<1L;1-3L;3-6L"
"Moong dal mixture,All Indian States and UTs,both,Vegetarian,<1L;1-3L"
"Cracked wheat khichri/khichdi (Dalia khichri/khichdi),All Indian States and UTs,both,Vegetarian,<1L;1-3L"
"Stewed apple,Delhi;Punjab;Haryana;Uttar Pradesh;Kolkata,both,Vegetarian,3-6L;>6L"
"Lemon squash (Nimbu ka squash),All Indian States and UTs,both,Vegetarian,1-3L;3-6L"
"Orange squash (Santre ka squash),All Indian States and UTs,both,Vegetarian,1-3L;3-6L"
"Lichi squash,Bihar;Uttar Pradesh;West Bengal;Assam;Delhi,both,Vegetarian,3-6L"
"Mango squash (Aam ka squash),All Indian States and UTs,both,Vegetarian,1-3L;3-6L"
"Pineapple squash (Ananas ka squash),Kerala;Tamil Nadu;Goa;Karnataka;Maharashtra,both,Vegetarian,1-3L;3-6L"
"Lemon and ginger squash (Nimbu aur adrak ka squash),All Indian States and UTs,both,Vegetarian,1-3L;3-6L"
"Apple jam (Seb ka murabba),Himachal Pradesh;Jammu and Kashmir;Uttarakhand;Punjab;Delhi,both,Vegetarian,3-6L"
"Plum jam (Aloo bukhara jam),Delhi;Punjab;Himachal Pradesh;Jammu and Kashmir;Uttarakhand,both,Vegetarian,3-6L"
"Pineapple jam ,Kerala;Goa;Tamil Nadu;Karnataka;Maharashtra,both,Vegetarian,1-3L;3-6L"
"Guava jelly (Amrood ki jelly),Uttar Pradesh;Bihar;Delhi;Haryana;Madhya Pradesh,both,Vegetarian,1-3L;3-6L"
"Orange marmalade (Santray ka murabba),Delhi;Mumbai;Pune;Hyderabad;Kolkata,urban,Vegetarian,3-6L;>6L"
"Carrot murabba (Gajar ka murabba),Delhi;Punjab;Haryana;Uttar Pradesh;Rajasthan,both,Vegetarian,1-3L;3-6L"
"Gooseberry marmalade (Amla murabba),All Indian States and UTs,both,Vegetarian,1-3L;3-6L"
"Ginger candy (Adrak ki candy),All Indian States and UTs,both,Vegetarian,1-3L;3-6L"
"Mango pickle (Aam ka achaar),All Indian States and UTs,both,Vegetarian,1-3L;3-6L"
"Mixed vegetable pickle (Sabziyoon ka achaar),All Indian States and UTs,both,Vegetarian,1-3L;3-6L"
"Sweet lemon pickle (Neembu ka meetha achaar),Delhi;Rajasthan;Uttar Pradesh;Haryana;Punjab,both,Vegetarian,1-3L;3-6L"
"Plum chutney (Aloo bukhara ki chutney),Delhi;Punjab;Himachal Pradesh;Uttarakhand;Kashmir,both,Vegetarian,3-6L"
"Raw mango chutney (Kachhe aam/Kairi ki chutney),All Indian States and UTs,both,Vegetarian,1-3L;3-6L"
"Tomato sauce,All Indian States and UTs,both,Vegetarian,1-3L;3-6L"
"Tomato puree,All Indian States and UTs,both,Vegetarian,1-3L;3-6L"
"Garam masala,All Indian States and UTs,both,Vegetarian,1-3L;3-6L"
"Chat masala,All Indian States and UTs,both,Vegetarian,1-3L;3-6L"
"Kashmiri masala,Jammu and Kashmir;Himachal Pradesh;Punjab;Delhi;Uttarakhand,both,Vegetarian,3-6L"
"Rasam powder (Rasam masala),Tamil Nadu;Karnataka;Andhra Pradesh;Kerala;Telangana,both,Vegetarian,1-3L;3-6L"
"Sambar powder (Sambar masala),Tamil Nadu;Karnataka;Kerala;Andhra Pradesh;Telangana,both,Vegetarian,1-3L;3-6L"
"Tartare sauce,Delhi;Mumbai;Hyderabad;Goa;Kolkata,urban,Non-Vegetarian,3-6L;>6L"
"Barbeque sauce,Delhi;Mumbai;Hyderabad;Pune;Kolkata,urban,Non-Vegetarian,3-6L;>6L"
"Bread sauce,Delhi;Mumbai;Hyderabad;Pune;Kolkata,urban,Vegetarian,3-6L;>6L"
"Green chilli sauce,All Indian States and UTs,both,Vegetarian,1-3L;3-6L"
"Home made plain noodles,All Indian States and UTs,urban,Vegetarian,3-6L;>6L"
"Dal moong,All Indian States and UTs,both,Vegetarian,1-3L;3-6L"
"Cumin seeds baghar (Jeera baghar/tadka),All Indian States and UTs,both,Vegetarian,1-3L;3-6L"
"Onion tomato baghar (Pyaaz tamatar ka tadka),All Indian States and UTs,both,Vegetarian,1-3L;3-6L"
"Mustard seeds baghar (Mustard seed tadka),All Indian States and UTs,both,Vegetarian,1-3L;3-6L"
"Hot cherry sauce,Delhi;Mumbai;Hyderabad;Pune;Kolkata,urban,Vegetarian,3-6L;>6L"
"Apple jelly (Seb ki jelly),Himachal Pradesh;Uttarakhand;Jammu and Kashmir;Punjab;Delhi,both,Vegetarian,3-6L"
"Marmalade (Murabba),All Indian States and UTs,both,Vegetarian,1-3L;3-6L"
"Plum squash (Aloo bukhara squash),Himachal Pradesh;Punjab;Delhi;Uttarakhand;Jammu and Kashmir,both,Vegetarian,3-6L"
"Lemon green chilli pickle (Nimboo aur hari mirch ka achaar),All Indian States and UTs,both,Vegetarian,1-3L;3-6L"
"Brinjal pickle (Baingan ka achaar),Andhra Pradesh;Telangana;Tamil Nadu;Karnataka;Kerala,both,Vegetarian,1-3L;3-6L"
"Sweet and sour tomato pickle (Khatta meetha tamatar ka achaar),Uttar Pradesh;Rajasthan;Delhi;Madhya Pradesh;Haryana,both,Vegetarian,1-3L;3-6L"
"Jhatpat achar with carrot (Jhatpat achaar gajar ke saath),Delhi;Punjab;Haryana;Uttar Pradesh;Rajasthan,both,Vegetarian,1-3L;3-6L"
"Tomato chutney (Tamatar ki chutney),All Indian States and UTs,both,Vegetarian,1-3L;3-6L"
"Tomato ketchup,All Indian States and UTs,both,Vegetarian,1-3L;3-6L"
"Bengal 5 Spice Blend (Panch Phoran),West Bengal;Odisha;Assam;Bihar;Jharkhand,both,Vegetarian,1-3L;3-6L"